ProductKey;ProductItemCode;Prod_SubCategory;Prod_Category;Product_Name;StandardCost;Color;SafetyStockLevel;SizeRange;ModelName;StartDate;Prod_Status
1;AR-5381;NULL;NULL;Adjustable Race;NULL;NA;1000;NA;NULL;2013-07-01 00:00:00.000;Current
2;BA-8327;NULL;NULL;Bearing Ball;NULL;NA;1000;NA;NULL;2013-07-01 00:00:00.000;Current
3;BE-2349;NULL;NULL;BB Ball Bearing;NULL;NA;800;NA;NULL;2013-07-01 00:00:00.000;Current
4;BE-2908;NULL;NULL;Headset Ball Bearings;NULL;NA;800;NA;NULL;2013-07-01 00:00:00.000;Current
5;BL-2036;NULL;NULL;Blade;NULL;NA;800;NA;NULL;2013-07-01 00:00:00.000;Current
6;CA-5965;NULL;NULL;LL Crankarm;NULL;Black;500;NA;NULL;2013-07-01 00:00:00.000;Current
7;CA-6738;NULL;NULL;ML Crankarm;NULL;Black;500;NA;NULL;2013-07-01 00:00:00.000;Current
8;CA-7457;NULL;NULL;HL Crankarm;NULL;Black;500;NA;NULL;2013-07-01 00:00:00.000;Current
9;CB-2903;NULL;NULL;Chainring Bolts;NULL;Silver;1000;NA;NULL;2013-07-01 00:00:00.000;Current
10;CN-6137;NULL;NULL;Chainring Nut;NULL;Silver;1000;NA;NULL;2013-07-01 00:00:00.000;Current
11;CR-7833;NULL;NULL;Chainring;NULL;Black;1000;NA;NULL;2013-07-01 00:00:00.000;Current
12;CR-9981;NULL;NULL;Crown Race;NULL;NA;1000;NA;NULL;2013-07-01 00:00:00.000;Current
13;CS-2812;NULL;NULL;Chain Stays;NULL;NA;1000;NA;NULL;2013-07-01 00:00:00.000;Current
14;DC-8732;NULL;NULL;Decal 1;NULL;NA;1000;NA;NULL;2013-07-01 00:00:00.000;Current
15;DC-9824;NULL;NULL;Decal 2;NULL;NA;1000;NA;NULL;2013-07-01 00:00:00.000;Current
16;DT-2377;NULL;NULL;Down Tube;NULL;NA;800;NA;NULL;2013-07-01 00:00:00.000;Current
17;EC-M092;NULL;NULL;Mountain End Caps;NULL;NA;1000;NA;NULL;2013-07-01 00:00:00.000;Current
18;EC-R098;NULL;NULL;Road End Caps;NULL;NA;1000;NA;NULL;2013-07-01 00:00:00.000;Current
19;EC-T209;NULL;NULL;Touring End Caps;NULL;NA;1000;NA;NULL;2013-07-01 00:00:00.000;Current
20;FE-3760;NULL;NULL;Fork End;NULL;NA;800;NA;NULL;2013-07-01 00:00:00.000;Current
21;FH-2981;NULL;NULL;Freewheel;NULL;Silver;500;NA;NULL;2013-07-01 00:00:00.000;Current
22;FW-1000;NULL;NULL;Flat Washer 1;NULL;NA;1000;NA;NULL;2013-07-01 00:00:00.000;Current
23;FW-1200;NULL;NULL;Flat Washer 6;NULL;NA;1000;NA;NULL;2013-07-01 00:00:00.000;Current
24;FW-1400;NULL;NULL;Flat Washer 2;NULL;NA;1000;NA;NULL;2013-07-01 00:00:00.000;Current
25;FW-3400;NULL;NULL;Flat Washer 9;NULL;NA;1000;NA;NULL;2013-07-01 00:00:00.000;Current
26;FW-3800;NULL;NULL;Flat Washer 4;NULL;NA;1000;NA;NULL;2013-07-01 00:00:00.000;Current
27;FW-5160;NULL;NULL;Flat Washer 3;NULL;NA;1000;NA;NULL;2013-07-01 00:00:00.000;Current
28;FW-5800;NULL;NULL;Flat Washer 8;NULL;NA;1000;NA;NULL;2013-07-01 00:00:00.000;Current
29;FW-7160;NULL;NULL;Flat Washer 5;NULL;NA;1000;NA;NULL;2013-07-01 00:00:00.000;Current
30;FW-9160;NULL;NULL;Flat Washer 7;NULL;NA;1000;NA;NULL;2013-07-01 00:00:00.000;Current
31;FC-3654;NULL;NULL;Fork Crown;NULL;NA;800;NA;NULL;2013-07-01 00:00:00.000;Current
32;FC-3982;NULL;NULL;Front Derailleur Cage;NULL;Silver;800;NA;NULL;2013-07-01 00:00:00.000;Current
33;FL-2301;NULL;NULL;Front Derailleur Linkage;NULL;Silver;800;NA;NULL;2013-07-01 00:00:00.000;Current
34;GP-0982;NULL;NULL;Guide Pulley;NULL;NA;800;NA;NULL;2013-07-01 00:00:00.000;Current
35;GT-0820;NULL;NULL;LL Grip Tape;NULL;NA;800;NA;NULL;2013-07-01 00:00:00.000;Current
36;GT-1209;NULL;NULL;ML Grip Tape;NULL;NA;800;NA;NULL;2013-07-01 00:00:00.000;Current
37;GT-2908;NULL;NULL;HL Grip Tape;NULL;NA;800;NA;NULL;2013-07-01 00:00:00.000;Current
38;HJ-1213;NULL;NULL;Thin-Jam Hex Nut 9;NULL;NA;1000;NA;NULL;2013-07-01 00:00:00.000;Current
39;HJ-1220;NULL;NULL;Thin-Jam Hex Nut 10;NULL;NA;1000;NA;NULL;2013-07-01 00:00:00.000;Current
40;HJ-1420;NULL;NULL;Thin-Jam Hex Nut 1;NULL;NA;1000;NA;NULL;2013-07-01 00:00:00.000;Current
41;HJ-1428;NULL;NULL;Thin-Jam Hex Nut 2;NULL;NA;1000;NA;NULL;2013-07-01 00:00:00.000;Current
42;HJ-3410;NULL;NULL;Thin-Jam Hex Nut 15;NULL;NA;1000;NA;NULL;2013-07-01 00:00:00.000;Current
43;HJ-3416;NULL;NULL;Thin-Jam Hex Nut 16;NULL;NA;1000;NA;NULL;2013-07-01 00:00:00.000;Current
44;HJ-3816;NULL;NULL;Thin-Jam Hex Nut 5;NULL;NA;1000;NA;NULL;2013-07-01 00:00:00.000;Current
45;HJ-3824;NULL;NULL;Thin-Jam Hex Nut 6;NULL;NA;1000;NA;NULL;2013-07-01 00:00:00.000;Current
46;HJ-5161;NULL;NULL;Thin-Jam Hex Nut 3;NULL;NA;1000;NA;NULL;2013-07-01 00:00:00.000;Current
47;HJ-5162;NULL;NULL;Thin-Jam Hex Nut 4;NULL;NA;1000;NA;NULL;2013-07-01 00:00:00.000;Current
48;HJ-5811;NULL;NULL;Thin-Jam Hex Nut 13;NULL;NA;1000;NA;NULL;2013-07-01 00:00:00.000;Current
49;HJ-5818;NULL;NULL;Thin-Jam Hex Nut 14;NULL;NA;1000;NA;NULL;2013-07-01 00:00:00.000;Current
50;HJ-7161;NULL;NULL;Thin-Jam Hex Nut 7;NULL;NA;1000;NA;NULL;2013-07-01 00:00:00.000;Current
51;HJ-7162;NULL;NULL;Thin-Jam Hex Nut 8;NULL;NA;1000;NA;NULL;2013-07-01 00:00:00.000;Current
52;HJ-9080;NULL;NULL;Thin-Jam Hex Nut 12;NULL;NA;1000;NA;NULL;2013-07-01 00:00:00.000;Current
53;HJ-9161;NULL;NULL;Thin-Jam Hex Nut 11;NULL;NA;1000;NA;NULL;2013-07-01 00:00:00.000;Current
54;HN-1024;NULL;NULL;Hex Nut 5;NULL;NA;1000;NA;NULL;2013-07-01 00:00:00.000;Current
55;HN-1032;NULL;NULL;Hex Nut 6;NULL;NA;1000;NA;NULL;2013-07-01 00:00:00.000;Current
56;HN-1213;NULL;NULL;Hex Nut 16;NULL;NA;1000;NA;NULL;2013-07-01 00:00:00.000;Current
57;HN-1220;NULL;NULL;Hex Nut 17;NULL;NA;1000;NA;NULL;2013-07-01 00:00:00.000;Current
58;HN-1224;NULL;NULL;Hex Nut 7;NULL;NA;1000;NA;NULL;2013-07-01 00:00:00.000;Current
59;HN-1420;NULL;NULL;Hex Nut 8;NULL;NA;1000;NA;NULL;2013-07-01 00:00:00.000;Current
60;HN-1428;NULL;NULL;Hex Nut 9;NULL;NA;1000;NA;NULL;2013-07-01 00:00:00.000;Current
61;HN-3410;NULL;NULL;Hex Nut 22;NULL;NA;1000;NA;NULL;2013-07-01 00:00:00.000;Current
62;HN-3416;NULL;NULL;Hex Nut 23;NULL;NA;1000;NA;NULL;2013-07-01 00:00:00.000;Current
63;HN-3816;NULL;NULL;Hex Nut 12;NULL;NA;1000;NA;NULL;2013-07-01 00:00:00.000;Current
64;HN-3824;NULL;NULL;Hex Nut 13;NULL;NA;1000;NA;NULL;2013-07-01 00:00:00.000;Current
65;HN-4402;NULL;NULL;Hex Nut 1;NULL;NA;1000;NA;NULL;2013-07-01 00:00:00.000;Current
66;HN-5161;NULL;NULL;Hex Nut 10;NULL;NA;1000;NA;NULL;2013-07-01 00:00:00.000;Current
67;HN-5162;NULL;NULL;Hex Nut 11;NULL;NA;1000;NA;NULL;2013-07-01 00:00:00.000;Current
68;HN-5400;NULL;NULL;Hex Nut 2;NULL;NA;1000;NA;NULL;2013-07-01 00:00:00.000;Current
69;HN-5811;NULL;NULL;Hex Nut 20;NULL;NA;1000;NA;NULL;2013-07-01 00:00:00.000;Current
70;HN-5818;NULL;NULL;Hex Nut 21;NULL;NA;1000;NA;NULL;2013-07-01 00:00:00.000;Current
71;HN-6320;NULL;NULL;Hex Nut 3;NULL;NA;1000;NA;NULL;2013-07-01 00:00:00.000;Current
72;HN-7161;NULL;NULL;Hex Nut 14;NULL;NA;1000;NA;NULL;2013-07-01 00:00:00.000;Current
73;HN-7162;NULL;NULL;Hex Nut 15;NULL;NA;1000;NA;NULL;2013-07-01 00:00:00.000;Current
74;HN-8320;NULL;NULL;Hex Nut 4;NULL;NA;1000;NA;NULL;2013-07-01 00:00:00.000;Current
75;HN-9161;NULL;NULL;Hex Nut 18;NULL;NA;1000;NA;NULL;2013-07-01 00:00:00.000;Current
76;HN-9168;NULL;NULL;Hex Nut 19;NULL;NA;1000;NA;NULL;2013-07-01 00:00:00.000;Current
77;HT-2981;NULL;NULL;Handlebar Tube;NULL;NA;800;NA;NULL;2013-07-01 00:00:00.000;Current
78;HT-8019;NULL;NULL;Head Tube;NULL;NA;800;NA;NULL;2013-07-01 00:00:00.000;Current
79;HU-6280;NULL;NULL;LL Hub;NULL;NA;500;NA;NULL;2013-07-01 00:00:00.000;Current
80;HU-8998;NULL;NULL;HL Hub;NULL;NA;500;NA;NULL;2013-07-01 00:00:00.000;Current
81;KW-4091;NULL;NULL;Keyed Washer;NULL;NA;1000;NA;NULL;2013-07-01 00:00:00.000;Current
82;LE-1000;NULL;NULL;External Lock Washer 3;NULL;NA;1000;NA;NULL;2013-07-01 00:00:00.000;Current
83;LE-1200;NULL;NULL;External Lock Washer 4;NULL;NA;1000;NA;NULL;2013-07-01 00:00:00.000;Current
84;LE-1201;NULL;NULL;External Lock Washer 9;NULL;NA;1000;NA;NULL;2013-07-01 00:00:00.000;Current
85;LE-1400;NULL;NULL;External Lock Washer 5;NULL;NA;1000;NA;NULL;2013-07-01 00:00:00.000;Current
86;LE-3800;NULL;NULL;External Lock Washer 7;NULL;NA;1000;NA;NULL;2013-07-01 00:00:00.000;Current
87;LE-5160;NULL;NULL;External Lock Washer 6;NULL;NA;1000;NA;NULL;2013-07-01 00:00:00.000;Current
88;LE-6000;NULL;NULL;External Lock Washer 1;NULL;NA;1000;NA;NULL;2013-07-01 00:00:00.000;Current
89;LE-7160;NULL;NULL;External Lock Washer 8;NULL;NA;1000;NA;NULL;2013-07-01 00:00:00.000;Current
90;LE-8000;NULL;NULL;External Lock Washer 2;NULL;NA;1000;NA;NULL;2013-07-01 00:00:00.000;Current
91;LI-1000;NULL;NULL;Internal Lock Washer 3;NULL;NA;1000;NA;NULL;2013-07-01 00:00:00.000;Current
92;LI-1200;NULL;NULL;Internal Lock Washer 4;NULL;NA;1000;NA;NULL;2013-07-01 00:00:00.000;Current
93;LI-1201;NULL;NULL;Internal Lock Washer 9;NULL;NA;1000;NA;NULL;2013-07-01 00:00:00.000;Current
94;LI-1400;NULL;NULL;Internal Lock Washer 5;NULL;NA;1000;NA;NULL;2013-07-01 00:00:00.000;Current
95;LI-3800;NULL;NULL;Internal Lock Washer 7;NULL;NA;1000;NA;NULL;2013-07-01 00:00:00.000;Current
96;LI-5160;NULL;NULL;Internal Lock Washer 6;NULL;NA;1000;NA;NULL;2013-07-01 00:00:00.000;Current
97;LI-5800;NULL;NULL;Internal Lock Washer 10;NULL;NA;1000;NA;NULL;2013-07-01 00:00:00.000;Current
98;LI-6000;NULL;NULL;Internal Lock Washer 1;NULL;NA;1000;NA;NULL;2013-07-01 00:00:00.000;Current
99;LI-7160;NULL;NULL;Internal Lock Washer 8;NULL;NA;1000;NA;NULL;2013-07-01 00:00:00.000;Current
100;LI-8000;NULL;NULL;Internal Lock Washer 2;NULL;NA;1000;NA;NULL;2013-07-01 00:00:00.000;Current
101;LJ-1213;NULL;NULL;Thin-Jam Lock Nut 9;NULL;NA;1000;NA;NULL;2013-07-01 00:00:00.000;Current
102;LJ-1220;NULL;NULL;Thin-Jam Lock Nut 10;NULL;NA;1000;NA;NULL;2013-07-01 00:00:00.000;Current
103;LJ-1420;NULL;NULL;Thin-Jam Lock Nut 1;NULL;NA;1000;NA;NULL;2013-07-01 00:00:00.000;Current
104;LJ-1428;NULL;NULL;Thin-Jam Lock Nut 2;NULL;NA;1000;NA;NULL;2013-07-01 00:00:00.000;Current
105;LJ-3410;NULL;NULL;Thin-Jam Lock Nut 15;NULL;NA;1000;NA;NULL;2013-07-01 00:00:00.000;Current
106;LJ-3416;NULL;NULL;Thin-Jam Lock Nut 16;NULL;NA;1000;NA;NULL;2013-07-01 00:00:00.000;Current
107;LJ-3816;NULL;NULL;Thin-Jam Lock Nut 5;NULL;NA;1000;NA;NULL;2013-07-01 00:00:00.000;Current
108;LJ-3824;NULL;NULL;Thin-Jam Lock Nut 6;NULL;NA;1000;NA;NULL;2013-07-01 00:00:00.000;Current
109;LJ-5161;NULL;NULL;Thin-Jam Lock Nut 3;NULL;NA;1000;NA;NULL;2013-07-01 00:00:00.000;Current
110;LJ-5162;NULL;NULL;Thin-Jam Lock Nut 4;NULL;NA;1000;NA;NULL;2013-07-01 00:00:00.000;Current
111;LJ-5811;NULL;NULL;Thin-Jam Lock Nut 13;NULL;NA;1000;NA;NULL;2013-07-01 00:00:00.000;Current
112;LJ-5818;NULL;NULL;Thin-Jam Lock Nut 14;NULL;NA;1000;NA;NULL;2013-07-01 00:00:00.000;Current
113;LJ-7161;NULL;NULL;Thin-Jam Lock Nut 7;NULL;NA;1000;NA;NULL;2013-07-01 00:00:00.000;Current
114;LJ-7162;NULL;NULL;Thin-Jam Lock Nut 8;NULL;NA;1000;NA;NULL;2013-07-01 00:00:00.000;Current
115;LJ-9080;NULL;NULL;Thin-Jam Lock Nut 12;NULL;NA;1000;NA;NULL;2013-07-01 00:00:00.000;Current
116;LJ-9161;NULL;NULL;Thin-Jam Lock Nut 11;NULL;NA;1000;NA;NULL;2013-07-01 00:00:00.000;Current
117;LN-1024;NULL;NULL;Lock Nut 5;NULL;NA;1000;NA;NULL;2013-07-01 00:00:00.000;Current
118;LN-1032;NULL;NULL;Lock Nut 6;NULL;NA;1000;NA;NULL;2013-07-01 00:00:00.000;Current
119;LN-1213;NULL;NULL;Lock Nut 16;NULL;NA;1000;NA;NULL;2013-07-01 00:00:00.000;Current
120;LN-1220;NULL;NULL;Lock Nut 17;NULL;NA;1000;NA;NULL;2013-07-01 00:00:00.000;Current
121;LN-1224;NULL;NULL;Lock Nut 7;NULL;NA;1000;NA;NULL;2013-07-01 00:00:00.000;Current
122;LN-1420;NULL;NULL;Lock Nut 8;NULL;NA;1000;NA;NULL;2013-07-01 00:00:00.000;Current
123;LN-1428;NULL;NULL;Lock Nut 9;NULL;NA;1000;NA;NULL;2013-07-01 00:00:00.000;Current
124;LN-3410;NULL;NULL;Lock Nut 22;NULL;NA;1000;NA;NULL;2013-07-01 00:00:00.000;Current
125;LN-3416;NULL;NULL;Lock Nut 23;NULL;NA;1000;NA;NULL;2013-07-01 00:00:00.000;Current
126;LN-3816;NULL;NULL;Lock Nut 12;NULL;NA;1000;NA;NULL;2013-07-01 00:00:00.000;Current
127;LN-3824;NULL;NULL;Lock Nut 13;NULL;NA;1000;NA;NULL;2013-07-01 00:00:00.000;Current
128;LN-4400;NULL;NULL;Lock Nut 1;NULL;NA;1000;NA;NULL;2013-07-01 00:00:00.000;Current
129;LN-5161;NULL;NULL;Lock Nut 10;NULL;NA;1000;NA;NULL;2013-07-01 00:00:00.000;Current
130;LN-5162;NULL;NULL;Lock Nut 11;NULL;NA;1000;NA;NULL;2013-07-01 00:00:00.000;Current
131;LN-5400;NULL;NULL;Lock Nut 2;NULL;NA;1000;NA;NULL;2013-07-01 00:00:00.000;Current
132;LN-5811;NULL;NULL;Lock Nut 20;NULL;NA;1000;NA;NULL;2013-07-01 00:00:00.000;Current
133;LN-5818;NULL;NULL;Lock Nut 21;NULL;NA;1000;NA;NULL;2013-07-01 00:00:00.000;Current
134;LN-6320;NULL;NULL;Lock Nut 3;NULL;NA;1000;NA;NULL;2013-07-01 00:00:00.000;Current
135;LN-7161;NULL;NULL;Lock Nut 14;NULL;NA;1000;NA;NULL;2013-07-01 00:00:00.000;Current
136;LN-7162;NULL;NULL;Lock Nut 15;NULL;NA;1000;NA;NULL;2013-07-01 00:00:00.000;Current
137;LN-8320;NULL;NULL;Lock Nut 4;NULL;NA;1000;NA;NULL;2013-07-01 00:00:00.000;Current
138;LN-9080;NULL;NULL;Lock Nut 19;NULL;NA;1000;NA;NULL;2013-07-01 00:00:00.000;Current
139;LN-9161;NULL;NULL;Lock Nut 18;NULL;NA;1000;NA;NULL;2013-07-01 00:00:00.000;Current
140;LR-2398;NULL;NULL;Lock Ring;NULL;Silver;1000;NA;NULL;2013-07-01 00:00:00.000;Current
141;LR-8520;NULL;NULL;Lower Head Race;NULL;NA;1000;NA;NULL;2013-07-01 00:00:00.000;Current
142;LW-1000;NULL;NULL;Lock Washer 4;NULL;NA;1000;NA;NULL;2013-07-01 00:00:00.000;Current
143;LW-1200;NULL;NULL;Lock Washer 5;NULL;NA;1000;NA;NULL;2013-07-01 00:00:00.000;Current
144;LW-1201;NULL;NULL;Lock Washer 10;NULL;NA;1000;NA;NULL;2013-07-01 00:00:00.000;Current
145;LW-1400;NULL;NULL;Lock Washer 6;NULL;NA;1000;NA;NULL;2013-07-01 00:00:00.000;Current
146;LW-3400;NULL;NULL;Lock Washer 13;NULL;NA;1000;NA;NULL;2013-07-01 00:00:00.000;Current
147;LW-3800;NULL;NULL;Lock Washer 8;NULL;NA;1000;NA;NULL;2013-07-01 00:00:00.000;Current
148;LW-4000;NULL;NULL;Lock Washer 1;NULL;NA;1000;NA;NULL;2013-07-01 00:00:00.000;Current
149;LW-5160;NULL;NULL;Lock Washer 7;NULL;NA;1000;NA;NULL;2013-07-01 00:00:00.000;Current
150;LW-5800;NULL;NULL;Lock Washer 12;NULL;NA;1000;NA;NULL;2013-07-01 00:00:00.000;Current
151;LW-6000;NULL;NULL;Lock Washer 2;NULL;NA;1000;NA;NULL;2013-07-01 00:00:00.000;Current
152;LW-7160;NULL;NULL;Lock Washer 9;NULL;NA;1000;NA;NULL;2013-07-01 00:00:00.000;Current
153;LW-8000;NULL;NULL;Lock Washer 3;NULL;NA;1000;NA;NULL;2013-07-01 00:00:00.000;Current
154;LW-9160;NULL;NULL;Lock Washer 11;NULL;NA;1000;NA;NULL;2013-07-01 00:00:00.000;Current
155;MA-7075;NULL;NULL;Metal Angle;NULL;NA;1000;NA;NULL;2013-07-01 00:00:00.000;Current
156;MB-2024;NULL;NULL;Metal Bar 1;NULL;NA;1000;NA;NULL;2013-07-01 00:00:00.000;Current
157;MB-6061;NULL;NULL;Metal Bar 2;NULL;NA;1000;NA;NULL;2013-07-01 00:00:00.000;Current
158;MP-2066;NULL;NULL;Metal Plate 2;NULL;NA;1000;NA;NULL;2013-07-01 00:00:00.000;Current
159;MP-2503;NULL;NULL;Metal Plate 1;NULL;NA;1000;NA;NULL;2013-07-01 00:00:00.000;Current
160;MP-4960;NULL;NULL;Metal Plate 3;NULL;NA;1000;NA;NULL;2013-07-01 00:00:00.000;Current
161;MS-0253;NULL;NULL;Metal Sheet 2;NULL;NA;1000;NA;NULL;2013-07-01 00:00:00.000;Current
162;MS-1256;NULL;NULL;Metal Sheet 3;NULL;NA;1000;NA;NULL;2013-07-01 00:00:00.000;Current
163;MS-1981;NULL;NULL;Metal Sheet 7;NULL;NA;1000;NA;NULL;2013-07-01 00:00:00.000;Current
164;MS-2259;NULL;NULL;Metal Sheet 4;NULL;NA;1000;NA;NULL;2013-07-01 00:00:00.000;Current
165;MS-2341;NULL;NULL;Metal Sheet 5;NULL;NA;1000;NA;NULL;2013-07-01 00:00:00.000;Current
166;MS-2348;NULL;NULL;Metal Sheet 6;NULL;NA;1000;NA;NULL;2013-07-01 00:00:00.000;Current
167;MS-6061;NULL;NULL;Metal Sheet 1;NULL;NA;1000;NA;NULL;2013-07-01 00:00:00.000;Current
168;MT-1000;NULL;NULL;Metal Tread Plate;NULL;NA;1000;NA;NULL;2013-07-01 00:00:00.000;Current
169;NI-4127;NULL;NULL;LL Nipple;NULL;NA;1000;NA;NULL;2013-07-01 00:00:00.000;Current
170;NI-9522;NULL;NULL;HL Nipple;NULL;NA;1000;NA;NULL;2013-07-01 00:00:00.000;Current
171;PA-187B;NULL;NULL;Paint - Black;NULL;NA;60;NA;NULL;2013-07-01 00:00:00.000;Current
172;PA-361R;NULL;NULL;Paint - Red;NULL;NA;60;NA;NULL;2013-07-01 00:00:00.000;Current
173;PA-529S;NULL;NULL;Paint - Silver;NULL;NA;60;NA;NULL;2013-07-01 00:00:00.000;Current
174;PA-632U;NULL;NULL;Paint - Blue;NULL;NA;60;NA;NULL;2013-07-01 00:00:00.000;Current
175;PA-823Y;NULL;NULL;Paint - Yellow;NULL;NA;60;NA;NULL;2013-07-01 00:00:00.000;Current
176;PB-6109;NULL;NULL;Pinch Bolt;NULL;NA;1000;NA;NULL;2013-07-01 00:00:00.000;Current
177;RA-2345;NULL;NULL;Cup-Shaped Race;NULL;NA;1000;NA;NULL;2013-07-01 00:00:00.000;Current
178;RA-7490;NULL;NULL;Cone-Shaped Race;NULL;NA;1000;NA;NULL;2013-07-01 00:00:00.000;Current
179;RF-9198;NULL;NULL;Reflector;NULL;NA;1000;NA;NULL;2013-07-01 00:00:00.000;Current
180;RM-M464;NULL;NULL;LL Mountain Rim;NULL;NA;800;NA;NULL;2013-07-01 00:00:00.000;Current
181;RM-M692;NULL;NULL;ML Mountain Rim;NULL;NA;800;NA;NULL;2013-07-01 00:00:00.000;Current
182;RM-M823;NULL;NULL;HL Mountain Rim;NULL;NA;800;NA;NULL;2013-07-01 00:00:00.000;Current
183;RM-R436;NULL;NULL;LL Road Rim;NULL;NA;800;NA;NULL;2013-07-01 00:00:00.000;Current
184;RM-R600;NULL;NULL;ML Road Rim;NULL;NA;800;NA;NULL;2013-07-01 00:00:00.000;Current
185;RM-R800;NULL;NULL;HL Road Rim;NULL;NA;800;NA;NULL;2013-07-01 00:00:00.000;Current
186;RM-T801;NULL;NULL;Touring Rim;NULL;NA;800;NA;NULL;2013-07-01 00:00:00.000;Current
187;SA-M198;NULL;NULL;LL Mountain Seat Assembly;NULL;NA;500;NA;NULL;2013-07-01 00:00:00.000;Current
188;SA-M237;NULL;NULL;ML Mountain Seat Assembly;NULL;NA;500;NA;NULL;2013-07-01 00:00:00.000;Current
189;SA-M687;NULL;NULL;HL Mountain Seat Assembly;NULL;NA;500;NA;NULL;2013-07-01 00:00:00.000;Current
190;SA-R127;NULL;NULL;LL Road Seat Assembly;NULL;NA;500;NA;NULL;2013-07-01 00:00:00.000;Current
191;SA-R430;NULL;NULL;ML Road Seat Assembly;NULL;NA;500;NA;NULL;2013-07-01 00:00:00.000;Current
192;SA-R522;NULL;NULL;HL Road Seat Assembly;NULL;NA;500;NA;NULL;2013-07-01 00:00:00.000;Current
193;SA-T467;NULL;NULL;LL Touring Seat Assembly;NULL;NA;500;NA;NULL;2013-07-01 00:00:00.000;Current
194;SA-T612;NULL;NULL;ML Touring Seat Assembly;NULL;NA;500;NA;NULL;2013-07-01 00:00:00.000;Current
195;SA-T872;NULL;NULL;HL Touring Seat Assembly;NULL;NA;500;NA;NULL;2013-07-01 00:00:00.000;Current
196;SD-2342;NULL;NULL;LL Spindle/Axle;NULL;NA;500;NA;NULL;2013-07-01 00:00:00.000;Current
197;SD-9872;NULL;NULL;HL Spindle/Axle;NULL;NA;500;NA;NULL;2013-07-01 00:00:00.000;Current
198;SH-4562;NULL;NULL;LL Shell;NULL;NA;800;NA;NULL;2013-07-01 00:00:00.000;Current
199;SH-9312;NULL;NULL;HL Shell;NULL;NA;800;NA;NULL;2013-07-01 00:00:00.000;Current
200;SK-9283;NULL;NULL;Spokes;NULL;NA;1000;NA;NULL;2013-07-01 00:00:00.000;Current
201;SL-0931;NULL;NULL;Seat Lug;NULL;NA;1000;NA;NULL;2013-07-01 00:00:00.000;Current
202;SM-9087;NULL;NULL;Stem;NULL;NA;500;NA;NULL;2013-07-01 00:00:00.000;Current
203;SP-2981;NULL;NULL;Seat Post;NULL;NA;500;NA;NULL;2013-07-01 00:00:00.000;Current
204;SR-2098;NULL;NULL;Steerer;NULL;NA;500;NA;NULL;2013-07-01 00:00:00.000;Current
205;SS-2985;NULL;NULL;Seat Stays;NULL;NA;800;NA;NULL;2013-07-01 00:00:00.000;Current
206;ST-9828;NULL;NULL;Seat Tube;NULL;NA;500;NA;NULL;2013-07-01 00:00:00.000;Current
207;TO-2301;NULL;NULL;Top Tube;NULL;NA;500;NA;NULL;2013-07-01 00:00:00.000;Current
208;TP-0923;NULL;NULL;Tension Pulley;NULL;NA;800;NA;NULL;2013-07-01 00:00:00.000;Current
209;RC-0291;NULL;NULL;Rear Derailleur Cage;NULL;Silver;500;NA;NULL;2013-07-01 00:00:00.000;Current
210;FR-R92B-58;Road Frames;Components;HL Road Frame - Black, 58;NULL;Black;500;54-58 CM;HL Road Frame;2013-07-01 00:00:00.000;Current
211;FR-R92R-58;Road Frames;Components;HL Road Frame - Red, 58;NULL;Red;500;54-58 CM;HL Road Frame;2013-07-01 00:00:00.000;Current
212;HL-U509-R;Helmets;Accessories;Sport-100 Helmet, Red;12,0278;Red;4;NA;Sport-100;2021-07-01 00:00:00.000;Outdate
213;HL-U509-R;Helmets;Accessories;Sport-100 Helmet, Red;13,8782;Red;4;NA;Sport-100;2022-07-01 00:00:00.000;Outdate
214;HL-U509-R;Helmets;Accessories;Sport-100 Helmet, Red;13,0863;Red;4;NA;Sport-100;2023-07-01 00:00:00.000;Current
215;HL-U509;Helmets;Accessories;Sport-100 Helmet, Black;12,0278;Black;4;NA;Sport-100;2021-07-01 00:00:00.000;Outdate
216;HL-U509;Helmets;Accessories;Sport-100 Helmet, Black;13,8782;Black;4;NA;Sport-100;2022-07-01 00:00:00.000;Outdate
217;HL-U509;Helmets;Accessories;Sport-100 Helmet, Black;13,0863;Black;4;NA;Sport-100;2023-07-01 00:00:00.000;Current
218;SO-B909-M;Socks;Clothing;Mountain Bike Socks, M;3,3963;White;4;M;Mountain Bike Socks;2021-07-01 00:00:00.000;Outdate
219;SO-B909-L;Socks;Clothing;Mountain Bike Socks, L;3,3963;White;4;L;Mountain Bike Socks;2021-07-01 00:00:00.000;Outdate
220;HL-U509-B;Helmets;Accessories;Sport-100 Helmet, Blue;12,0278;Blue;4;NA;Sport-100;2021-07-01 00:00:00.000;Outdate
221;HL-U509-B;Helmets;Accessories;Sport-100 Helmet, Blue;13,8782;Blue;4;NA;Sport-100;2022-07-01 00:00:00.000;Outdate
222;HL-U509-B;Helmets;Accessories;Sport-100 Helmet, Blue;13,0863;Blue;4;NA;Sport-100;2023-07-01 00:00:00.000;Current
223;CA-1098;Caps;Clothing;AWC Logo Cap;5,7052;Multi;4;NA;Cycling Cap;2021-07-01 00:00:00.000;Outdate
224;CA-1098;Caps;Clothing;AWC Logo Cap;5,2297;Multi;4;NA;Cycling Cap;2022-07-01 00:00:00.000;Outdate
225;CA-1098;Caps;Clothing;AWC Logo Cap;6,9223;Multi;4;NA;Cycling Cap;2023-07-01 00:00:00.000;Current
226;LJ-0192-S;Jerseys;Clothing;Long-Sleeve Logo Jersey, S;31,7244;Multi;4;S;Long-Sleeve Logo Jersey;2021-07-01 00:00:00.000;Outdate
227;LJ-0192-S;Jerseys;Clothing;Long-Sleeve Logo Jersey, S;29,0807;Multi;4;S;Long-Sleeve Logo Jersey;2022-07-01 00:00:00.000;Outdate
228;LJ-0192-S;Jerseys;Clothing;Long-Sleeve Logo Jersey, S;38,4923;Multi;4;S;Long-Sleeve Logo Jersey;2023-07-01 00:00:00.000;Current
229;LJ-0192-M;Jerseys;Clothing;Long-Sleeve Logo Jersey, M;31,7244;Multi;4;M;Long-Sleeve Logo Jersey;2021-07-01 00:00:00.000;Outdate
230;LJ-0192-M;Jerseys;Clothing;Long-Sleeve Logo Jersey, M;29,0807;Multi;4;M;Long-Sleeve Logo Jersey;2022-07-01 00:00:00.000;Outdate
231;LJ-0192-M;Jerseys;Clothing;Long-Sleeve Logo Jersey, M;38,4923;Multi;4;M;Long-Sleeve Logo Jersey;2023-07-01 00:00:00.000;Current
232;LJ-0192-L;Jerseys;Clothing;Long-Sleeve Logo Jersey, L;31,7244;Multi;4;L;Long-Sleeve Logo Jersey;2021-07-01 00:00:00.000;Outdate
233;LJ-0192-L;Jerseys;Clothing;Long-Sleeve Logo Jersey, L;29,0807;Multi;4;L;Long-Sleeve Logo Jersey;2022-07-01 00:00:00.000;Outdate
234;LJ-0192-L;Jerseys;Clothing;Long-Sleeve Logo Jersey, L;38,4923;Multi;4;L;Long-Sleeve Logo Jersey;2023-07-01 00:00:00.000;Current
235;LJ-0192-X;Jerseys;Clothing;Long-Sleeve Logo Jersey, XL;31,7244;Multi;4;XL;Long-Sleeve Logo Jersey;2021-07-01 00:00:00.000;Outdate
236;LJ-0192-X;Jerseys;Clothing;Long-Sleeve Logo Jersey, XL;29,0807;Multi;4;XL;Long-Sleeve Logo Jersey;2022-07-01 00:00:00.000;Outdate
237;LJ-0192-X;Jerseys;Clothing;Long-Sleeve Logo Jersey, XL;38,4923;Multi;4;XL;Long-Sleeve Logo Jersey;2023-07-01 00:00:00.000;Current
238;FR-R92R-62;Road Frames;Components;HL Road Frame - Red, 62;747,9682;Red;500;60-62 CM;HL Road Frame;2021-07-01 00:00:00.000;Outdate
239;FR-R92R-62;Road Frames;Components;HL Road Frame - Red, 62;722,2568;Red;500;60-62 CM;HL Road Frame;2022-07-01 00:00:00.000;Outdate
240;FR-R92R-62;Road Frames;Components;HL Road Frame - Red, 62;868,6342;Red;500;60-62 CM;HL Road Frame;2023-07-01 00:00:00.000;Current
241;FR-R92R-44;Road Frames;Components;HL Road Frame - Red, 44;747,9682;Red;500;42-46 CM;HL Road Frame;2021-07-01 00:00:00.000;Outdate
242;FR-R92R-44;Road Frames;Components;HL Road Frame - Red, 44;722,2568;Red;500;42-46 CM;HL Road Frame;2022-07-01 00:00:00.000;Outdate
243;FR-R92R-44;Road Frames;Components;HL Road Frame - Red, 44;868,6342;Red;500;42-46 CM;HL Road Frame;2023-07-01 00:00:00.000;Current
244;FR-R92R-48;Road Frames;Components;HL Road Frame - Red, 48;747,9682;Red;500;48-52 CM;HL Road Frame;2021-07-01 00:00:00.000;Outdate
245;FR-R92R-48;Road Frames;Components;HL Road Frame - Red, 48;722,2568;Red;500;48-52 CM;HL Road Frame;2022-07-01 00:00:00.000;Outdate
246;FR-R92R-48;Road Frames;Components;HL Road Frame - Red, 48;868,6342;Red;500;48-52 CM;HL Road Frame;2023-07-01 00:00:00.000;Current
247;FR-R92R-52;Road Frames;Components;HL Road Frame - Red, 52;747,9682;Red;500;48-52 CM;HL Road Frame;2021-07-01 00:00:00.000;Outdate
248;FR-R92R-52;Road Frames;Components;HL Road Frame - Red, 52;722,2568;Red;500;48-52 CM;HL Road Frame;2022-07-01 00:00:00.000;Outdate
249;FR-R92R-52;Road Frames;Components;HL Road Frame - Red, 52;868,6342;Red;500;48-52 CM;HL Road Frame;2023-07-01 00:00:00.000;Current
250;FR-R92R-56;Road Frames;Components;HL Road Frame - Red, 56;747,9682;Red;500;54-58 CM;HL Road Frame;2021-07-01 00:00:00.000;Outdate
251;FR-R92R-56;Road Frames;Components;HL Road Frame - Red, 56;722,2568;Red;500;54-58 CM;HL Road Frame;2022-07-01 00:00:00.000;Outdate
252;FR-R92R-56;Road Frames;Components;HL Road Frame - Red, 56;868,6342;Red;500;54-58 CM;HL Road Frame;2023-07-01 00:00:00.000;Current
253;FR-R38B-58;Road Frames;Components;LL Road Frame - Black, 58;176,1997;Black;500;54-58 CM;LL Road Frame;2021-07-01 00:00:00.000;Outdate
254;FR-R38B-58;Road Frames;Components;LL Road Frame - Black, 58;170,1428;Black;500;54-58 CM;LL Road Frame;2022-07-01 00:00:00.000;Outdate
255;FR-R38B-58;Road Frames;Components;LL Road Frame - Black, 58;204,6251;Black;500;54-58 CM;LL Road Frame;2023-07-01 00:00:00.000;Current
256;FR-R38B-60;Road Frames;Components;LL Road Frame - Black, 60;176,1997;Black;500;60-62 CM;LL Road Frame;2021-07-01 00:00:00.000;Outdate
257;FR-R38B-60;Road Frames;Components;LL Road Frame - Black, 60;170,1428;Black;500;60-62 CM;LL Road Frame;2022-07-01 00:00:00.000;Outdate
258;FR-R38B-60;Road Frames;Components;LL Road Frame - Black, 60;204,6251;Black;500;60-62 CM;LL Road Frame;2023-07-01 00:00:00.000;Current
259;FR-R38B-62;Road Frames;Components;LL Road Frame - Black, 62;176,1997;Black;500;60-62 CM;LL Road Frame;2021-07-01 00:00:00.000;Outdate
260;FR-R38B-62;Road Frames;Components;LL Road Frame - Black, 62;170,1428;Black;500;60-62 CM;LL Road Frame;2022-07-01 00:00:00.000;Outdate
261;FR-R38B-62;Road Frames;Components;LL Road Frame - Black, 62;204,6251;Black;500;60-62 CM;LL Road Frame;2023-07-01 00:00:00.000;Current
262;FR-R38R-44;Road Frames;Components;LL Road Frame - Red, 44;181,4857;Red;500;42-46 CM;LL Road Frame;2021-07-01 00:00:00.000;Outdate
263;FR-R38R-44;Road Frames;Components;LL Road Frame - Red, 44;187,1571;Red;500;42-46 CM;LL Road Frame;2022-07-01 00:00:00.000;Outdate
264;FR-R38R-48;Road Frames;Components;LL Road Frame - Red, 48;181,4857;Red;500;48-52 CM;LL Road Frame;2021-07-01 00:00:00.000;Outdate
265;FR-R38R-48;Road Frames;Components;LL Road Frame - Red, 48;187,1571;Red;500;48-52 CM;LL Road Frame;2022-07-01 00:00:00.000;Outdate
266;FR-R38R-52;Road Frames;Components;LL Road Frame - Red, 52;181,4857;Red;500;48-52 CM;LL Road Frame;2021-07-01 00:00:00.000;Outdate
267;FR-R38R-52;Road Frames;Components;LL Road Frame - Red, 52;187,1571;Red;500;48-52 CM;LL Road Frame;2022-07-01 00:00:00.000;Outdate
268;FR-R38R-58;Road Frames;Components;LL Road Frame - Red, 58;181,4857;Red;500;54-58 CM;LL Road Frame;2021-07-01 00:00:00.000;Outdate
269;FR-R38R-58;Road Frames;Components;LL Road Frame - Red, 58;187,1571;Red;500;54-58 CM;LL Road Frame;2022-07-01 00:00:00.000;Outdate
270;FR-R38R-60;Road Frames;Components;LL Road Frame - Red, 60;181,4857;Red;500;60-62 CM;LL Road Frame;2021-07-01 00:00:00.000;Outdate
271;FR-R38R-60;Road Frames;Components;LL Road Frame - Red, 60;187,1571;Red;500;60-62 CM;LL Road Frame;2022-07-01 00:00:00.000;Outdate
272;FR-R38R-62;Road Frames;Components;LL Road Frame - Red, 62;181,4857;Red;500;60-62 CM;LL Road Frame;2021-07-01 00:00:00.000;Outdate
273;FR-R38R-62;Road Frames;Components;LL Road Frame - Red, 62;187,1571;Red;500;60-62 CM;LL Road Frame;2022-07-01 00:00:00.000;Outdate
274;FR-R72R-44;Road Frames;Components;ML Road Frame - Red, 44;352,1394;Red;500;42-46 CM;ML Road Frame;2021-07-01 00:00:00.000;Outdate
275;FR-R72R-48;Road Frames;Components;ML Road Frame - Red, 48;352,1394;Red;500;48-52 CM;ML Road Frame;2021-07-01 00:00:00.000;Outdate
276;FR-R72R-52;Road Frames;Components;ML Road Frame - Red, 52;352,1394;Red;500;48-52 CM;ML Road Frame;2021-07-01 00:00:00.000;Outdate
277;FR-R72R-58;Road Frames;Components;ML Road Frame - Red, 58;352,1394;Red;500;54-58 CM;ML Road Frame;2021-07-01 00:00:00.000;Outdate
278;FR-R72R-60;Road Frames;Components;ML Road Frame - Red, 60;352,1394;Red;500;60-62 CM;ML Road Frame;2021-07-01 00:00:00.000;Outdate
279;FR-R38B-44;Road Frames;Components;LL Road Frame - Black, 44;176,1997;Black;500;42-46 CM;LL Road Frame;2021-07-01 00:00:00.000;Outdate
280;FR-R38B-44;Road Frames;Components;LL Road Frame - Black, 44;170,1428;Black;500;42-46 CM;LL Road Frame;2022-07-01 00:00:00.000;Outdate
281;FR-R38B-44;Road Frames;Components;LL Road Frame - Black, 44;204,6251;Black;500;42-46 CM;LL Road Frame;2023-07-01 00:00:00.000;Current
282;FR-R38B-48;Road Frames;Components;LL Road Frame - Black, 48;176,1997;Black;500;48-52 CM;LL Road Frame;2021-07-01 00:00:00.000;Outdate
283;FR-R38B-48;Road Frames;Components;LL Road Frame - Black, 48;170,1428;Black;500;48-52 CM;LL Road Frame;2022-07-01 00:00:00.000;Outdate
284;FR-R38B-48;Road Frames;Components;LL Road Frame - Black, 48;204,6251;Black;500;48-52 CM;LL Road Frame;2023-07-01 00:00:00.000;Current
285;FR-R38B-52;Road Frames;Components;LL Road Frame - Black, 52;176,1997;Black;500;48-52 CM;LL Road Frame;2021-07-01 00:00:00.000;Outdate
286;FR-R38B-52;Road Frames;Components;LL Road Frame - Black, 52;170,1428;Black;500;48-52 CM;LL Road Frame;2022-07-01 00:00:00.000;Outdate
287;FR-R38B-52;Road Frames;Components;LL Road Frame - Black, 52;204,6251;Black;500;48-52 CM;LL Road Frame;2023-07-01 00:00:00.000;Current
288;FR-M94S-42;Mountain Frames;Components;HL Mountain Frame - Silver, 42;623,8403;Silver;500;42-46 CM;HL Mountain Frame;2021-07-01 00:00:00.000;Outdate
289;FR-M94S-42;Mountain Frames;Components;HL Mountain Frame - Silver, 42;660,9142;Silver;500;42-46 CM;HL Mountain Frame;2022-07-01 00:00:00.000;Outdate
290;FR-M94S-42;Mountain Frames;Components;HL Mountain Frame - Silver, 42;747,2002;Silver;500;42-46 CM;HL Mountain Frame;2023-07-01 00:00:00.000;Current
291;FR-M94S-44;Mountain Frames;Components;HL Mountain Frame - Silver, 44;706,811;Silver;500;42-46 CM;HL Mountain Frame;2021-07-01 00:00:00.000;Outdate
292;FR-M94S-52;Mountain Frames;Components;HL Mountain Frame - Silver, 48;706,811;Silver;500;48-52 CM;HL Mountain Frame;2021-07-01 00:00:00.000;Outdate
293;FR-M94S-46;Mountain Frames;Components;HL Mountain Frame - Silver, 46;623,8403;Silver;500;42-46 CM;HL Mountain Frame;2021-07-01 00:00:00.000;Outdate
294;FR-M94S-46;Mountain Frames;Components;HL Mountain Frame - Silver, 46;660,9142;Silver;500;42-46 CM;HL Mountain Frame;2022-07-01 00:00:00.000;Outdate
295;FR-M94S-46;Mountain Frames;Components;HL Mountain Frame - Silver, 46;747,2002;Silver;500;42-46 CM;HL Mountain Frame;2023-07-01 00:00:00.000;Current
296;FR-M94B-42;Mountain Frames;Components;HL Mountain Frame - Black, 42;617,0281;Black;500;42-46 CM;HL Mountain Frame;2021-07-01 00:00:00.000;Outdate
297;FR-M94B-42;Mountain Frames;Components;HL Mountain Frame - Black, 42;653,6971;Black;500;42-46 CM;HL Mountain Frame;2022-07-01 00:00:00.000;Outdate
298;FR-M94B-42;Mountain Frames;Components;HL Mountain Frame - Black, 42;739,041;Black;500;42-46 CM;HL Mountain Frame;2023-07-01 00:00:00.000;Current
299;FR-M94B-44;Mountain Frames;Components;HL Mountain Frame - Black, 44;699,0928;Black;500;42-46 CM;HL Mountain Frame;2021-07-01 00:00:00.000;Outdate
300;FR-M94B-48;Mountain Frames;Components;HL Mountain Frame - Black, 48;699,0928;Black;500;48-52 CM;HL Mountain Frame;2021-07-01 00:00:00.000;Outdate
301;FR-M94B-46;Mountain Frames;Components;HL Mountain Frame - Black, 46;617,0281;Black;500;42-46 CM;HL Mountain Frame;2021-07-01 00:00:00.000;Outdate
302;FR-M94B-46;Mountain Frames;Components;HL Mountain Frame - Black, 46;653,6971;Black;500;42-46 CM;HL Mountain Frame;2022-07-01 00:00:00.000;Outdate
303;FR-M94B-46;Mountain Frames;Components;HL Mountain Frame - Black, 46;739,041;Black;500;42-46 CM;HL Mountain Frame;2023-07-01 00:00:00.000;Current
304;FR-M94B-38;Mountain Frames;Components;HL Mountain Frame - Black, 38;617,0281;Black;500;38-40 CM;HL Mountain Frame;2021-07-01 00:00:00.000;Outdate
305;FR-M94B-38;Mountain Frames;Components;HL Mountain Frame - Black, 38;653,6971;Black;500;38-40 CM;HL Mountain Frame;2022-07-01 00:00:00.000;Outdate
306;FR-M94B-38;Mountain Frames;Components;HL Mountain Frame - Black, 38;739,041;Black;500;38-40 CM;HL Mountain Frame;2023-07-01 00:00:00.000;Current
307;FR-M94S-38;Mountain Frames;Components;HL Mountain Frame - Silver, 38;623,8403;Silver;500;38-40 CM;HL Mountain Frame;2021-07-01 00:00:00.000;Outdate
308;FR-M94S-38;Mountain Frames;Components;HL Mountain Frame - Silver, 38;660,9142;Silver;500;38-40 CM;HL Mountain Frame;2022-07-01 00:00:00.000;Outdate
309;FR-M94S-38;Mountain Frames;Components;HL Mountain Frame - Silver, 38;747,2002;Silver;500;38-40 CM;HL Mountain Frame;2023-07-01 00:00:00.000;Current
310;BK-R93R-62;Road Bikes;Bikes;Road-150 Red, 62;2171,2942;Red;100;60-62 CM;Road-150;2021-07-01 00:00:00.000;Outdate
311;BK-R93R-44;Road Bikes;Bikes;Road-150 Red, 44;2171,2942;Red;100;42-46 CM;Road-150;2021-07-01 00:00:00.000;Outdate
312;BK-R93R-48;Road Bikes;Bikes;Road-150 Red, 48;2171,2942;Red;100;48-52 CM;Road-150;2021-07-01 00:00:00.000;Outdate
313;BK-R93R-52;Road Bikes;Bikes;Road-150 Red, 52;2171,2942;Red;100;48-52 CM;Road-150;2021-07-01 00:00:00.000;Outdate
314;BK-R93R-56;Road Bikes;Bikes;Road-150 Red, 56;2171,2942;Red;100;54-58 CM;Road-150;2021-07-01 00:00:00.000;Outdate
315;BK-R68R-58;Road Bikes;Bikes;Road-450 Red, 58;884,7083;Red;100;54-58 CM;Road-450;2021-07-01 00:00:00.000;Outdate
316;BK-R68R-60;Road Bikes;Bikes;Road-450 Red, 60;884,7083;Red;100;60-62 CM;Road-450;2021-07-01 00:00:00.000;Outdate
317;BK-R68R-44;Road Bikes;Bikes;Road-450 Red, 44;884,7083;Red;100;42-46 CM;Road-450;2021-07-01 00:00:00.000;Outdate
318;BK-R68R-48;Road Bikes;Bikes;Road-450 Red, 48;884,7083;Red;100;48-52 CM;Road-450;2021-07-01 00:00:00.000;Outdate
319;BK-R68R-52;Road Bikes;Bikes;Road-450 Red, 52;884,7083;Red;100;48-52 CM;Road-450;2021-07-01 00:00:00.000;Outdate
320;BK-R50R-58;Road Bikes;Bikes;Road-650 Red, 58;413,1463;Red;100;54-58 CM;Road-650;2021-07-01 00:00:00.000;Outdate
321;BK-R50R-58;Road Bikes;Bikes;Road-650 Red, 58;486,7066;Red;100;54-58 CM;Road-650;2022-07-01 00:00:00.000;Outdate
322;BK-R50R-60;Road Bikes;Bikes;Road-650 Red, 60;413,1463;Red;100;60-62 CM;Road-650;2021-07-01 00:00:00.000;Outdate
323;BK-R50R-60;Road Bikes;Bikes;Road-650 Red, 60;486,7066;Red;100;60-62 CM;Road-650;2022-07-01 00:00:00.000;Outdate
324;BK-R50R-62;Road Bikes;Bikes;Road-650 Red, 62;413,1463;Red;100;60-62 CM;Road-650;2021-07-01 00:00:00.000;Outdate
325;BK-R50R-62;Road Bikes;Bikes;Road-650 Red, 62;486,7066;Red;100;60-62 CM;Road-650;2022-07-01 00:00:00.000;Outdate
326;BK-R50R-44;Road Bikes;Bikes;Road-650 Red, 44;413,1463;Red;100;42-46 CM;Road-650;2021-07-01 00:00:00.000;Outdate
327;BK-R50R-44;Road Bikes;Bikes;Road-650 Red, 44;486,7066;Red;100;42-46 CM;Road-650;2022-07-01 00:00:00.000;Outdate
328;BK-R50R-48;Road Bikes;Bikes;Road-650 Red, 48;413,1463;Red;100;48-52 CM;Road-650;2021-07-01 00:00:00.000;Outdate
329;BK-R50R-48;Road Bikes;Bikes;Road-650 Red, 48;486,7066;Red;100;48-52 CM;Road-650;2022-07-01 00:00:00.000;Outdate
330;BK-R50R-52;Road Bikes;Bikes;Road-650 Red, 52;413,1463;Red;100;48-52 CM;Road-650;2021-07-01 00:00:00.000;Outdate
331;BK-R50R-52;Road Bikes;Bikes;Road-650 Red, 52;486,7066;Red;100;48-52 CM;Road-650;2022-07-01 00:00:00.000;Outdate
332;BK-R50B-58;Road Bikes;Bikes;Road-650 Black, 58;413,1463;Black;100;54-58 CM;Road-650;2021-07-01 00:00:00.000;Outdate
333;BK-R50B-58;Road Bikes;Bikes;Road-650 Black, 58;486,7066;Black;100;54-58 CM;Road-650;2022-07-01 00:00:00.000;Outdate
334;BK-R50B-60;Road Bikes;Bikes;Road-650 Black, 60;413,1463;Black;100;60-62 CM;Road-650;2021-07-01 00:00:00.000;Outdate
335;BK-R50B-60;Road Bikes;Bikes;Road-650 Black, 60;486,7066;Black;100;60-62 CM;Road-650;2022-07-01 00:00:00.000;Outdate
336;BK-R50B-62;Road Bikes;Bikes;Road-650 Black, 62;413,1463;Black;100;60-62 CM;Road-650;2021-07-01 00:00:00.000;Outdate
337;BK-R50B-62;Road Bikes;Bikes;Road-650 Black, 62;486,7066;Black;100;60-62 CM;Road-650;2022-07-01 00:00:00.000;Outdate
338;BK-R50B-44;Road Bikes;Bikes;Road-650 Black, 44;413,1463;Black;100;42-46 CM;Road-650;2021-07-01 00:00:00.000;Outdate
339;BK-R50B-44;Road Bikes;Bikes;Road-650 Black, 44;486,7066;Black;100;42-46 CM;Road-650;2022-07-01 00:00:00.000;Outdate
340;BK-R50B-48;Road Bikes;Bikes;Road-650 Black, 48;413,1463;Black;100;48-52 CM;Road-650;2021-07-01 00:00:00.000;Outdate
341;BK-R50B-48;Road Bikes;Bikes;Road-650 Black, 48;486,7066;Black;100;48-52 CM;Road-650;2022-07-01 00:00:00.000;Outdate
342;BK-R50B-52;Road Bikes;Bikes;Road-650 Black, 52;413,1463;Black;100;48-52 CM;Road-650;2021-07-01 00:00:00.000;Outdate
343;BK-R50B-52;Road Bikes;Bikes;Road-650 Black, 52;486,7066;Black;100;48-52 CM;Road-650;2022-07-01 00:00:00.000;Outdate
344;BK-M82S-38;Mountain Bikes;Bikes;Mountain-100 Silver, 38;1912,1544;Silver;100;38-40 CM;Mountain-100;2021-07-01 00:00:00.000;Outdate
345;BK-M82S-42;Mountain Bikes;Bikes;Mountain-100 Silver, 42;1912,1544;Silver;100;42-46 CM;Mountain-100;2021-07-01 00:00:00.000;Outdate
346;BK-M82S-44;Mountain Bikes;Bikes;Mountain-100 Silver, 44;1912,1544;Silver;100;42-46 CM;Mountain-100;2021-07-01 00:00:00.000;Outdate
347;BK-M82S-48;Mountain Bikes;Bikes;Mountain-100 Silver, 48;1912,1544;Silver;100;48-52 CM;Mountain-100;2021-07-01 00:00:00.000;Outdate
348;BK-M82B-38;Mountain Bikes;Bikes;Mountain-100 Black, 38;1898,0944;Black;100;38-40 CM;Mountain-100;2021-07-01 00:00:00.000;Outdate
349;BK-M82B-42;Mountain Bikes;Bikes;Mountain-100 Black, 42;1898,0944;Black;100;42-46 CM;Mountain-100;2021-07-01 00:00:00.000;Outdate
350;BK-M82B-44;Mountain Bikes;Bikes;Mountain-100 Black, 44;1898,0944;Black;100;42-46 CM;Mountain-100;2021-07-01 00:00:00.000;Outdate
351;BK-M82B-48;Mountain Bikes;Bikes;Mountain-100 Black, 48;1898,0944;Black;100;48-52 CM;Mountain-100;2021-07-01 00:00:00.000;Outdate
352;BK-M68S-38;Mountain Bikes;Bikes;Mountain-200 Silver, 38;1117,8559;Silver;100;38-40 CM;Mountain-200;2022-07-01 00:00:00.000;Outdate
353;BK-M68S-38;Mountain Bikes;Bikes;Mountain-200 Silver, 38;1265,6195;Silver;100;38-40 CM;Mountain-200;2023-07-01 00:00:00.000;Current
354;BK-M68S-42;Mountain Bikes;Bikes;Mountain-200 Silver, 42;1117,8559;Silver;100;42-46 CM;Mountain-200;2022-07-01 00:00:00.000;Outdate
355;BK-M68S-42;Mountain Bikes;Bikes;Mountain-200 Silver, 42;1265,6195;Silver;100;42-46 CM;Mountain-200;2023-07-01 00:00:00.000;Current
356;BK-M68S-46;Mountain Bikes;Bikes;Mountain-200 Silver, 46;1117,8559;Silver;100;42-46 CM;Mountain-200;2022-07-01 00:00:00.000;Outdate
357;BK-M68S-46;Mountain Bikes;Bikes;Mountain-200 Silver, 46;1265,6195;Silver;100;42-46 CM;Mountain-200;2023-07-01 00:00:00.000;Current
358;BK-M68B-38;Mountain Bikes;Bikes;Mountain-200 Black, 38;1105,81;Black;100;38-40 CM;Mountain-200;2022-07-01 00:00:00.000;Outdate
359;BK-M68B-38;Mountain Bikes;Bikes;Mountain-200 Black, 38;1251,9813;Black;100;38-40 CM;Mountain-200;2023-07-01 00:00:00.000;Current
360;BK-M68B-42;Mountain Bikes;Bikes;Mountain-200 Black, 42;1105,81;Black;100;42-46 CM;Mountain-200;2022-07-01 00:00:00.000;Outdate
361;BK-M68B-42;Mountain Bikes;Bikes;Mountain-200 Black, 42;1251,9813;Black;100;42-46 CM;Mountain-200;2023-07-01 00:00:00.000;Current
362;BK-M68B-46;Mountain Bikes;Bikes;Mountain-200 Black, 46;1105,81;Black;100;42-46 CM;Mountain-200;2022-07-01 00:00:00.000;Outdate
363;BK-M68B-46;Mountain Bikes;Bikes;Mountain-200 Black, 46;1251,9813;Black;100;42-46 CM;Mountain-200;2023-07-01 00:00:00.000;Current
364;BK-M47B-38;Mountain Bikes;Bikes;Mountain-300 Black, 38;598,4354;Black;100;38-40 CM;Mountain-300;2022-07-01 00:00:00.000;Outdate
365;BK-M47B-40;Mountain Bikes;Bikes;Mountain-300 Black, 40;598,4354;Black;100;38-40 CM;Mountain-300;2022-07-01 00:00:00.000;Outdate
366;BK-M47B-44;Mountain Bikes;Bikes;Mountain-300 Black, 44;598,4354;Black;100;42-46 CM;Mountain-300;2022-07-01 00:00:00.000;Outdate
367;BK-M47B-48;Mountain Bikes;Bikes;Mountain-300 Black, 48;598,4354;Black;100;48-52 CM;Mountain-300;2022-07-01 00:00:00.000;Outdate
368;BK-R89R-44;Road Bikes;Bikes;Road-250 Red, 44;1518,7864;Red;100;42-46 CM;Road-250;2022-07-01 00:00:00.000;Outdate
369;BK-R89R-48;Road Bikes;Bikes;Road-250 Red, 48;1518,7864;Red;100;48-52 CM;Road-250;2022-07-01 00:00:00.000;Outdate
370;BK-R89R-52;Road Bikes;Bikes;Road-250 Red, 52;1518,7864;Red;100;48-52 CM;Road-250;2022-07-01 00:00:00.000;Outdate
371;BK-R89R-58;Road Bikes;Bikes;Road-250 Red, 58;1320,6838;Red;100;54-58 CM;Road-250;2022-07-01 00:00:00.000;Outdate
372;BK-R89R-58;Road Bikes;Bikes;Road-250 Red, 58;1554,9479;Red;100;54-58 CM;Road-250;2023-07-01 00:00:00.000;Current
373;BK-R89B-44;Road Bikes;Bikes;Road-250 Black, 44;1320,6838;Black;100;42-46 CM;Road-250;2022-07-01 00:00:00.000;Outdate
374;BK-R89B-44;Road Bikes;Bikes;Road-250 Black, 44;1554,9479;Black;100;42-46 CM;Road-250;2023-07-01 00:00:00.000;Current
375;BK-R89B-48;Road Bikes;Bikes;Road-250 Black, 48;1320,6838;Black;100;48-52 CM;Road-250;2022-07-01 00:00:00.000;Outdate
376;BK-R89B-48;Road Bikes;Bikes;Road-250 Black, 48;1554,9479;Black;100;48-52 CM;Road-250;2023-07-01 00:00:00.000;Current
377;BK-R89B-52;Road Bikes;Bikes;Road-250 Black, 52;1320,6838;Black;100;48-52 CM;Road-250;2022-07-01 00:00:00.000;Outdate
378;BK-R89B-52;Road Bikes;Bikes;Road-250 Black, 52;1554,9479;Black;100;48-52 CM;Road-250;2023-07-01 00:00:00.000;Current
379;BK-R89B-58;Road Bikes;Bikes;Road-250 Black, 58;1320,6838;Black;100;54-58 CM;Road-250;2022-07-01 00:00:00.000;Outdate
380;BK-R89B-58;Road Bikes;Bikes;Road-250 Black, 58;1554,9479;Black;100;54-58 CM;Road-250;2023-07-01 00:00:00.000;Current
381;BK-R64Y-38;Road Bikes;Bikes;Road-550-W Yellow, 38;605,6492;Yellow;100;38-40 CM;Road-550-W;2022-07-01 00:00:00.000;Outdate
382;BK-R64Y-38;Road Bikes;Bikes;Road-550-W Yellow, 38;713,0798;Yellow;100;38-40 CM;Road-550-W;2023-07-01 00:00:00.000;Current
383;BK-R64Y-40;Road Bikes;Bikes;Road-550-W Yellow, 40;605,6492;Yellow;100;38-40 CM;Road-550-W;2022-07-01 00:00:00.000;Outdate
384;BK-R64Y-40;Road Bikes;Bikes;Road-550-W Yellow, 40;713,0798;Yellow;100;38-40 CM;Road-550-W;2023-07-01 00:00:00.000;Current
385;BK-R64Y-42;Road Bikes;Bikes;Road-550-W Yellow, 42;605,6492;Yellow;100;42-46 CM;Road-550-W;2022-07-01 00:00:00.000;Outdate
386;BK-R64Y-42;Road Bikes;Bikes;Road-550-W Yellow, 42;713,0798;Yellow;100;42-46 CM;Road-550-W;2023-07-01 00:00:00.000;Current
387;BK-R64Y-44;Road Bikes;Bikes;Road-550-W Yellow, 44;605,6492;Yellow;100;42-46 CM;Road-550-W;2022-07-01 00:00:00.000;Outdate
388;BK-R64Y-44;Road Bikes;Bikes;Road-550-W Yellow, 44;713,0798;Yellow;100;42-46 CM;Road-550-W;2023-07-01 00:00:00.000;Current
389;BK-R64Y-48;Road Bikes;Bikes;Road-550-W Yellow, 48;605,6492;Yellow;100;48-52 CM;Road-550-W;2022-07-01 00:00:00.000;Outdate
390;BK-R64Y-48;Road Bikes;Bikes;Road-550-W Yellow, 48;713,0798;Yellow;100;48-52 CM;Road-550-W;2023-07-01 00:00:00.000;Current
391;FK-1639;Forks;Components;LL Fork;65,8097;NA;500;NA;LL Fork;2022-07-01 00:00:00.000;Outdate
392;FK-5136;Forks;Components;ML Fork;77,9176;NA;500;NA;ML Fork;2022-07-01 00:00:00.000;Outdate
393;FK-9939;Forks;Components;HL Fork;101,8936;NA;500;NA;HL Fork;2022-07-01 00:00:00.000;Outdate
394;HS-0296;Headsets;Components;LL Headset;15,1848;NA;500;NA;LL Headset;2022-07-01 00:00:00.000;Outdate
395;HS-2451;Headsets;Components;ML Headset;45,4168;NA;500;NA;ML Headset;2022-07-01 00:00:00.000;Outdate
396;HS-3479;Headsets;Components;HL Headset;55,3801;NA;500;NA;HL Headset;2022-07-01 00:00:00.000;Outdate
397;HB-M243;Handlebars;Components;LL Mountain Handlebars;17,978;NA;500;NA;LL Mountain Handlebars;2022-07-01 00:00:00.000;Outdate
398;HB-M243;Handlebars;Components;LL Mountain Handlebars;19,7758;NA;500;NA;LL Mountain Handlebars;2023-07-01 00:00:00.000;Current
399;HB-M763;Handlebars;Components;ML Mountain Handlebars;24,9932;NA;500;NA;ML Mountain Handlebars;2022-07-01 00:00:00.000;Outdate
400;HB-M763;Handlebars;Components;ML Mountain Handlebars;27,4925;NA;500;NA;ML Mountain Handlebars;2023-07-01 00:00:00.000;Current
401;HB-M918;Handlebars;Components;HL Mountain Handlebars;48,5453;NA;500;NA;HL Mountain Handlebars;2022-07-01 00:00:00.000;Outdate
402;HB-M918;Handlebars;Components;HL Mountain Handlebars;53,3999;NA;500;NA;HL Mountain Handlebars;2023-07-01 00:00:00.000;Current
403;HB-R504;Handlebars;Components;LL Road Handlebars;17,978;NA;500;NA;LL Road Handlebars;2022-07-01 00:00:00.000;Outdate
404;HB-R504;Handlebars;Components;LL Road Handlebars;19,7758;NA;500;NA;LL Road Handlebars;2023-07-01 00:00:00.000;Current
405;HB-R720;Handlebars;Components;ML Road Handlebars;24,9932;NA;500;NA;ML Road Handlebars;2022-07-01 00:00:00.000;Outdate
406;HB-R720;Handlebars;Components;ML Road Handlebars;27,4925;NA;500;NA;ML Road Handlebars;2023-07-01 00:00:00.000;Current
407;HB-R956;Handlebars;Components;HL Road Handlebars;48,5453;NA;500;NA;HL Road Handlebars;2022-07-01 00:00:00.000;Outdate
408;HB-R956;Handlebars;Components;HL Road Handlebars;53,3999;NA;500;NA;HL Road Handlebars;2023-07-01 00:00:00.000;Current
409;FR-M63B-38;Mountain Frames;Components;ML Mountain Frame - Black, 38;185,8193;Black;500;38-40 CM;ML Mountain Frame-W;2022-07-01 00:00:00.000;Outdate
410;FW-M423;Wheels;Components;LL Mountain Front Wheel;26,9708;Black;500;NA;LL Mountain Front Wheel;2022-07-01 00:00:00.000;Outdate
411;FW-M762;Wheels;Components;ML Mountain Front Wheel;92,8071;Black;500;NA;ML Mountain Front Wheel;2022-07-01 00:00:00.000;Outdate
412;FW-M928;Wheels;Components;HL Mountain Front Wheel;133,2955;Black;500;NA;HL Mountain Front Wheel;2022-07-01 00:00:00.000;Outdate
413;FW-R623;Wheels;Components;LL Road Front Wheel;37,9909;Black;500;NA;LL Road Front Wheel;2022-07-01 00:00:00.000;Outdate
414;FW-R762;Wheels;Components;ML Road Front Wheel;110,2829;Black;500;NA;ML Road Front Wheel;2022-07-01 00:00:00.000;Outdate
415;FW-R820;Wheels;Components;HL Road Front Wheel;146,5466;Black;500;NA;HL Road Front Wheel;2022-07-01 00:00:00.000;Outdate
416;FW-T905;Wheels;Components;Touring Front Wheel;96,7964;Black;500;NA;Touring Front Wheel;2022-07-01 00:00:00.000;Outdate
417;FR-R72Y-38;Road Frames;Components;ML Road Frame-W - Yellow, 38;300,1188;Yellow;500;38-40 CM;ML Road Frame-W;2022-07-01 00:00:00.000;Outdate
418;FR-R72Y-38;Road Frames;Components;ML Road Frame-W - Yellow, 38;360,9428;Yellow;500;38-40 CM;ML Road Frame-W;2023-07-01 00:00:00.000;Current
419;RW-M423;Wheels;Components;LL Mountain Rear Wheel;38,9588;Black;500;NA;LL Mountain Rear Wheel;2022-07-01 00:00:00.000;Outdate
420;RW-M762;Wheels;Components;ML Mountain Rear Wheel;104,7951;Black;500;NA;ML Mountain Rear Wheel;2022-07-01 00:00:00.000;Outdate
421;RW-M928;Wheels;Components;HL Mountain Rear Wheel;145,2835;Black;500;NA;HL Mountain Rear Wheel;2022-07-01 00:00:00.000;Outdate
422;RW-R623;Wheels;Components;LL Road Rear Wheel;49,9789;Black;500;NA;LL Road Rear Wheel;2022-07-01 00:00:00.000;Outdate
423;RW-R762;Wheels;Components;ML Road Rear Wheel;122,2709;Black;500;NA;ML Road Rear Wheel;2022-07-01 00:00:00.000;Outdate
424;RW-R820;Wheels;Components;HL Road Rear Wheel;158,5346;Black;500;NA;HL Road Rear Wheel;2022-07-01 00:00:00.000;Outdate
425;RW-T905;Wheels;Components;Touring Rear Wheel;108,7844;Black;500;NA;Touring Rear Wheel;2022-07-01 00:00:00.000;Outdate
426;FR-M63B-40;Mountain Frames;Components;ML Mountain Frame - Black, 40;185,8193;Black;500;38-40 CM;ML Mountain Frame;2022-07-01 00:00:00.000;Outdate
427;FR-M63B-44;Mountain Frames;Components;ML Mountain Frame - Black, 44;185,8193;Black;500;42-46 CM;ML Mountain Frame;2022-07-01 00:00:00.000;Outdate
428;FR-M63B-48;Mountain Frames;Components;ML Mountain Frame - Black, 48;185,8193;Black;500;48-52 CM;ML Mountain Frame;2022-07-01 00:00:00.000;Outdate
429;FR-R72Y-40;Road Frames;Components;ML Road Frame-W - Yellow, 40;300,1188;Yellow;500;38-40 CM;ML Road Frame-W;2022-07-01 00:00:00.000;Outdate
430;FR-R72Y-40;Road Frames;Components;ML Road Frame-W - Yellow, 40;360,9428;Yellow;500;38-40 CM;ML Road Frame-W;2023-07-01 00:00:00.000;Current
431;FR-R72Y-42;Road Frames;Components;ML Road Frame-W - Yellow, 42;300,1188;Yellow;500;42-46 CM;ML Road Frame-W;2022-07-01 00:00:00.000;Outdate
432;FR-R72Y-42;Road Frames;Components;ML Road Frame-W - Yellow, 42;360,9428;Yellow;500;42-46 CM;ML Road Frame-W;2023-07-01 00:00:00.000;Current
433;FR-R72Y-44;Road Frames;Components;ML Road Frame-W - Yellow, 44;300,1188;Yellow;500;42-46 CM;ML Road Frame-W;2022-07-01 00:00:00.000;Outdate
434;FR-R72Y-44;Road Frames;Components;ML Road Frame-W - Yellow, 44;360,9428;Yellow;500;42-46 CM;ML Road Frame-W;2023-07-01 00:00:00.000;Current
435;FR-R72Y-48;Road Frames;Components;ML Road Frame-W - Yellow, 48;300,1188;Yellow;500;48-52 CM;ML Road Frame-W;2022-07-01 00:00:00.000;Outdate
436;FR-R72Y-48;Road Frames;Components;ML Road Frame-W - Yellow, 48;360,9428;Yellow;500;48-52 CM;ML Road Frame-W;2023-07-01 00:00:00.000;Current
437;FR-R92B-62;Road Frames;Components;HL Road Frame - Black, 62;722,2568;Black;500;60-62 CM;HL Road Frame;2022-07-01 00:00:00.000;Outdate
438;FR-R92B-62;Road Frames;Components;HL Road Frame - Black, 62;868,6342;Black;500;60-62 CM;HL Road Frame;2023-07-01 00:00:00.000;Current
439;FR-R92B-44;Road Frames;Components;HL Road Frame - Black, 44;722,2568;Black;500;42-46 CM;HL Road Frame;2022-07-01 00:00:00.000;Outdate
440;FR-R92B-44;Road Frames;Components;HL Road Frame - Black, 44;868,6342;Black;500;42-46 CM;HL Road Frame;2023-07-01 00:00:00.000;Current
441;FR-R92B-48;Road Frames;Components;HL Road Frame - Black, 48;722,2568;Black;500;48-52 CM;HL Road Frame;2022-07-01 00:00:00.000;Outdate
442;FR-R92B-48;Road Frames;Components;HL Road Frame - Black, 48;868,6342;Black;500;48-52 CM;HL Road Frame;2023-07-01 00:00:00.000;Current
443;FR-R92B-52;Road Frames;Components;HL Road Frame - Black, 52;722,2568;Black;500;48-52 CM;HL Road Frame;2022-07-01 00:00:00.000;Outdate
444;FR-R92B-52;Road Frames;Components;HL Road Frame - Black, 52;868,6342;Black;500;48-52 CM;HL Road Frame;2023-07-01 00:00:00.000;Current
445;SH-M897-S;Shorts;Clothing;Men's Sports Shorts, S;24,7459;Black;4;S;Men's Sports Shorts;2022-07-01 00:00:00.000;Outdate
446;PA-T100;Panniers;Accessories;Touring-Panniers, Large;51,5625;Grey;4;NA;Touring-Panniers;2022-07-01 00:00:00.000;Outdate
447;LO-C100;Locks;Accessories;Cable Lock;10,3125;NA;4;NA;Cable Lock;2022-07-01 00:00:00.000;Outdate
448;PU-0452;Pumps;Accessories;Minipump;8,2459;NA;4;NA;Minipump;2022-07-01 00:00:00.000;Outdate
449;PU-M044;Pumps;Accessories;Mountain Pump;10,3084;NA;4;NA;Mountain Pump;2022-07-01 00:00:00.000;Outdate
450;LT-T990;Lights;Accessories;Taillights - Battery-Powered;5,7709;NA;4;NA;Taillight;2022-07-01 00:00:00.000;Outdate
451;LT-H902;Lights;Accessories;Headlights - Dual-Beam;14,4334;NA;4;NA;Headlights - Dual-Beam;2022-07-01 00:00:00.000;Outdate
452;LT-H903;Lights;Accessories;Headlights - Weatherproof;18,5584;NA;4;NA;Headlights - Weatherproof;2022-07-01 00:00:00.000;Outdate
453;SH-M897-M;Shorts;Clothing;Men's Sports Shorts, M;24,7459;Black;4;M;Men's Sports Shorts;2022-07-01 00:00:00.000;Outdate
454;SH-M897-L;Shorts;Clothing;Men's Sports Shorts, L;24,7459;Black;4;L;Men's Sports Shorts;2022-07-01 00:00:00.000;Outdate
455;SH-M897-X;Shorts;Clothing;Men's Sports Shorts, XL;24,7459;Black;4;XL;Men's Sports Shorts;2022-07-01 00:00:00.000;Outdate
456;TG-W091-S;Tights;Clothing;Women's Tights, S;30,9334;Black;4;S;Women's Tights;2022-07-01 00:00:00.000;Outdate
457;TG-W091-M;Tights;Clothing;Women's Tights, M;30,9334;Black;4;M;Women's Tights;2022-07-01 00:00:00.000;Outdate
458;TG-W091-L;Tights;Clothing;Women's Tights, L;30,9334;Black;4;L;Women's Tights;2022-07-01 00:00:00.000;Outdate
459;SB-M891-S;Bib-Shorts;Clothing;Men's Bib-Shorts, S;37,1209;Multi;4;S;Men's Bib-Shorts;2022-07-01 00:00:00.000;Outdate
460;SB-M891-M;Bib-Shorts;Clothing;Men's Bib-Shorts, M;37,1209;Multi;4;M;Men's Bib-Shorts;2022-07-01 00:00:00.000;Outdate
461;SB-M891-L;Bib-Shorts;Clothing;Men's Bib-Shorts, L;37,1209;Multi;4;L;Men's Bib-Shorts;2022-07-01 00:00:00.000;Outdate
462;GL-H102-S;Gloves;Clothing;Half-Finger Gloves, S;9,7136;Black;4;S;Half-Finger Gloves;2022-07-01 00:00:00.000;Outdate
463;GL-H102-S;Gloves;Clothing;Half-Finger Gloves, S;9,1593;Black;4;S;Half-Finger Gloves;2023-07-01 00:00:00.000;Current
464;GL-H102-M;Gloves;Clothing;Half-Finger Gloves, M;9,7136;Black;4;M;Half-Finger Gloves;2022-07-01 00:00:00.000;Outdate
465;GL-H102-M;Gloves;Clothing;Half-Finger Gloves, M;9,1593;Black;4;M;Half-Finger Gloves;2023-07-01 00:00:00.000;Current
466;GL-H102-L;Gloves;Clothing;Half-Finger Gloves, L;9,7136;Black;4;L;Half-Finger Gloves;2022-07-01 00:00:00.000;Outdate
467;GL-H102-L;Gloves;Clothing;Half-Finger Gloves, L;9,1593;Black;4;L;Half-Finger Gloves;2023-07-01 00:00:00.000;Current
468;GL-F110-S;Gloves;Clothing;Full-Finger Gloves, S;15,6709;Black;4;S;Full-Finger Gloves;2022-07-01 00:00:00.000;Outdate
469;GL-F110-M;Gloves;Clothing;Full-Finger Gloves, M;15,6709;Black;4;M;Full-Finger Gloves;2022-07-01 00:00:00.000;Outdate
470;GL-F110-L;Gloves;Clothing;Full-Finger Gloves, L;15,6709;Black;4;L;Full-Finger Gloves;2022-07-01 00:00:00.000;Outdate
471;VE-C304-S;Vests;Clothing;Classic Vest, S;23,749;Blue;4;S;Classic Vest;2023-07-01 00:00:00.000;Current
472;VE-C304-M;Vests;Clothing;Classic Vest, M;23,749;Blue;4;M;Classic Vest;2023-07-01 00:00:00.000;Current
473;VE-C304-L;Vests;Clothing;Classic Vest, L;23,749;Blue;4;L;Classic Vest;2023-07-01 00:00:00.000;Current
474;SH-W890-S;Shorts;Clothing;Women's Mountain Shorts, S;26,1763;Black;4;S;Women's Mountain Shorts;2023-07-01 00:00:00.000;Current
475;SH-W890-M;Shorts;Clothing;Women's Mountain Shorts, M;26,1763;Black;4;M;Women's Mountain Shorts;2023-07-01 00:00:00.000;Current
476;SH-W890-L;Shorts;Clothing;Women's Mountain Shorts, L;26,1763;Black;4;L;Women's Mountain Shorts;2023-07-01 00:00:00.000;Current
477;WB-H098;Bottles and Cages;Accessories;Water Bottle - 30 oz.;1,8663;NA;4;NA;Water Bottle;2023-07-01 00:00:00.000;Current
478;BC-M005;Bottles and Cages;Accessories;Mountain Bottle Cage;3,7363;NA;4;NA;Mountain Bottle Cage;2023-07-01 00:00:00.000;Current
479;BC-R205;Bottles and Cages;Accessories;Road Bottle Cage;3,3623;NA;4;NA;Road Bottle Cage;2023-07-01 00:00:00.000;Current
480;PK-7098;Tires and Tubes;Accessories;Patch Kit/8 Patches;0,8565;NA;4;NA;Patch kit;2023-07-01 00:00:00.000;Current
481;SO-R809-M;Socks;Clothing;Racing Socks, M;3,3623;White;4;M;Racing Socks;2023-07-01 00:00:00.000;Current
482;SO-R809-L;Socks;Clothing;Racing Socks, L;3,3623;White;4;L;Racing Socks;2023-07-01 00:00:00.000;Current
483;RA-H123;Bike Racks;Accessories;Hitch Rack - 4-Bike;44,88;NA;4;NA;Hitch Rack - 4-Bike;2023-07-01 00:00:00.000;Current
484;CL-9009;Cleaners;Accessories;Bike Wash - Dissolver;2,9733;NA;4;NA;Bike Wash;2023-07-01 00:00:00.000;Current
485;FE-6654;Fenders;Accessories;Fender Set - Mountain;8,2205;NA;4;NA;Fender Set - Mountain;2023-07-01 00:00:00.000;Current
486;ST-1401;Bike Stands;Accessories;All-Purpose Bike Stand;59,466;NA;4;NA;All-Purpose Bike Stand;2023-07-01 00:00:00.000;Current
487;HY-1023-70;Hydration Packs;Accessories;Hydration Pack - 70 oz.;20,5663;Silver;4;70;Hydration Pack;2023-07-01 00:00:00.000;Current
488;SJ-0194-S;Jerseys;Clothing;Short-Sleeve Classic Jersey, S;41,5723;Yellow;4;S;Short-Sleeve Classic Jersey;2023-07-01 00:00:00.000;Current
489;SJ-0194-M;Jerseys;Clothing;Short-Sleeve Classic Jersey, M;41,5723;Yellow;4;M;Short-Sleeve Classic Jersey;2023-07-01 00:00:00.000;Current
490;SJ-0194-L;Jerseys;Clothing;Short-Sleeve Classic Jersey, L;41,5723;Yellow;4;L;Short-Sleeve Classic Jersey;2023-07-01 00:00:00.000;Current
491;SJ-0194-X;Jerseys;Clothing;Short-Sleeve Classic Jersey, XL;41,5723;Yellow;4;XL;Short-Sleeve Classic Jersey;2023-07-01 00:00:00.000;Current
492;FR-T98Y-60;Touring Frames;Components;HL Touring Frame - Yellow, 60;601,7437;Yellow;500;60-62 CM;HL Touring Frame;2023-07-01 00:00:00.000;Current
493;FR-T67Y-62;Touring Frames;Components;LL Touring Frame - Yellow, 62;199,8519;Yellow;500;60-62 CM;LL Touring Frame;2023-07-01 00:00:00.000;Current
494;FR-T98Y-46;Touring Frames;Components;HL Touring Frame - Yellow, 46;601,7437;Yellow;500;42-46 CM;HL Touring Frame;2023-07-01 00:00:00.000;Current
495;FR-T98Y-50;Touring Frames;Components;HL Touring Frame - Yellow, 50;601,7437;Yellow;500;48-52 CM;HL Touring Frame;2023-07-01 00:00:00.000;Current
496;FR-T98Y-54;Touring Frames;Components;HL Touring Frame - Yellow, 54;601,7437;Yellow;500;54-58 CM;HL Touring Frame;2023-07-01 00:00:00.000;Current
497;FR-T98U-46;Touring Frames;Components;HL Touring Frame - Blue, 46;601,7437;Blue;500;42-46 CM;HL Touring Frame;2023-07-01 00:00:00.000;Current
498;FR-T98U-50;Touring Frames;Components;HL Touring Frame - Blue, 50;601,7437;Blue;500;48-52 CM;HL Touring Frame;2023-07-01 00:00:00.000;Current
499;FR-T98U-54;Touring Frames;Components;HL Touring Frame - Blue, 54;601,7437;Blue;500;54-58 CM;HL Touring Frame;2023-07-01 00:00:00.000;Current
500;FR-T98U-60;Touring Frames;Components;HL Touring Frame - Blue, 60;601,7437;Blue;500;60-62 CM;HL Touring Frame;2023-07-01 00:00:00.000;Current
501;RD-2308;Derailleurs;Components;Rear Derailleur;53,9282;Silver;500;NA;Rear Derailleur;2023-07-01 00:00:00.000;Current
502;FR-T67U-50;Touring Frames;Components;LL Touring Frame - Blue, 50;199,8519;Blue;500;48-52 CM;LL Touring Frame;2023-07-01 00:00:00.000;Current
503;FR-T67U-54;Touring Frames;Components;LL Touring Frame - Blue, 54;199,8519;Blue;500;54-58 CM;LL Touring Frame;2023-07-01 00:00:00.000;Current
504;FR-T67U-58;Touring Frames;Components;LL Touring Frame - Blue, 58;199,8519;Blue;500;54-58 CM;LL Touring Frame;2023-07-01 00:00:00.000;Current
505;FR-T67U-62;Touring Frames;Components;LL Touring Frame - Blue, 62;199,8519;Blue;500;60-62 CM;LL Touring Frame;2023-07-01 00:00:00.000;Current
506;FR-T67Y-44;Touring Frames;Components;LL Touring Frame - Yellow, 44;199,8519;Yellow;500;42-46 CM;LL Touring Frame;2023-07-01 00:00:00.000;Current
507;FR-T67Y-50;Touring Frames;Components;LL Touring Frame - Yellow, 50;199,8519;Yellow;500;48-52 CM;LL Touring Frame;2023-07-01 00:00:00.000;Current
508;FR-T67Y-54;Touring Frames;Components;LL Touring Frame - Yellow, 54;199,8519;Yellow;500;54-58 CM;LL Touring Frame;2023-07-01 00:00:00.000;Current
509;FR-T67Y-58;Touring Frames;Components;LL Touring Frame - Yellow, 58;199,8519;Yellow;500;54-58 CM;LL Touring Frame;2023-07-01 00:00:00.000;Current
510;FR-T67U-44;Touring Frames;Components;LL Touring Frame - Blue, 44;199,8519;Blue;500;42-46 CM;LL Touring Frame;2023-07-01 00:00:00.000;Current
511;FR-M63S-40;Mountain Frames;Components;ML Mountain Frame-W - Silver, 40;199,3757;Silver;500;38-40 CM;ML Mountain Frame-W;2023-07-01 00:00:00.000;Current
512;FR-M63S-42;Mountain Frames;Components;ML Mountain Frame-W - Silver, 42;199,3757;Silver;500;42-46 CM;ML Mountain Frame-W;2023-07-01 00:00:00.000;Current
513;FR-M63S-46;Mountain Frames;Components;ML Mountain Frame-W - Silver, 46;199,3757;Silver;500;42-46 CM;ML Mountain Frame-W;2023-07-01 00:00:00.000;Current
514;RB-9231;Brakes;Components;Rear Brakes;47,286;Silver;500;NA;Rear Brakes;2023-07-01 00:00:00.000;Current
515;SE-M236;Saddles;Components;LL Mountain Seat/Saddle;12,0413;NA;500;NA;LL Mountain Seat/Saddle 2;2023-07-01 00:00:00.000;Current
516;SE-M798;Saddles;Components;ML Mountain Seat/Saddle;17,3782;NA;500;NA;ML Mountain Seat/Saddle 2;2023-07-01 00:00:00.000;Current
517;SE-M940;Saddles;Components;HL Mountain Seat/Saddle;23,3722;NA;500;NA;HL Mountain Seat/Saddle 2;2023-07-01 00:00:00.000;Current
518;SE-R581;Saddles;Components;LL Road Seat/Saddle;12,0413;NA;500;NA;LL Road Seat/Saddle 1;2023-07-01 00:00:00.000;Current
519;SE-R908;Saddles;Components;ML Road Seat/Saddle;17,3782;NA;500;NA;ML Road Seat/Saddle 2;2023-07-01 00:00:00.000;Current
520;SE-R995;Saddles;Components;HL Road Seat/Saddle;23,3722;NA;500;NA;HL Road Seat/Saddle 2;2023-07-01 00:00:00.000;Current
521;SE-T312;Saddles;Components;LL Touring Seat/Saddle;12,0413;NA;500;NA;LL Touring Seat/Saddle;2023-07-01 00:00:00.000;Current
522;SE-T762;Saddles;Components;ML Touring Seat/Saddle;17,3782;NA;500;NA;ML Touring Seat/Saddle;2023-07-01 00:00:00.000;Current
523;SE-T924;Saddles;Components;HL Touring Seat/Saddle;23,3722;NA;500;NA;HL Touring Seat/Saddle;2023-07-01 00:00:00.000;Current
524;FR-M21S-42;Mountain Frames;Components;LL Mountain Frame - Silver, 42;144,5938;Silver;500;42-46 CM;LL Mountain Frame;2023-07-01 00:00:00.000;Current
525;FR-M21S-44;Mountain Frames;Components;LL Mountain Frame - Silver, 44;144,5938;Silver;500;42-46 CM;LL Mountain Frame;2023-07-01 00:00:00.000;Current
526;FR-M21S-48;Mountain Frames;Components;LL Mountain Frame - Silver, 48;144,5938;Silver;500;48-52 CM;LL Mountain Frame;2023-07-01 00:00:00.000;Current
527;FR-M21S-52;Mountain Frames;Components;LL Mountain Frame - Silver, 52;144,5938;Silver;500;48-52 CM;LL Mountain Frame;2023-07-01 00:00:00.000;Current
528;TT-M928;Tires and Tubes;Accessories;Mountain Tire Tube;1,8663;NA;500;NA;Mountain Tire Tube;2023-07-01 00:00:00.000;Current
529;TT-R982;Tires and Tubes;Accessories;Road Tire Tube;1,4923;NA;500;NA;Road Tire Tube;2023-07-01 00:00:00.000;Current
530;TT-T092;Tires and Tubes;Accessories;Touring Tire Tube;1,8663;NA;500;NA;Touring Tire Tube;2023-07-01 00:00:00.000;Current
531;FR-M21B-42;Mountain Frames;Components;LL Mountain Frame - Black, 42;136,785;Black;500;42-46 CM;LL Mountain Frame;2023-07-01 00:00:00.000;Current
532;FR-M21B-44;Mountain Frames;Components;LL Mountain Frame - Black, 44;136,785;Black;500;42-46 CM;LL Mountain Frame;2023-07-01 00:00:00.000;Current
533;FR-M21B-48;Mountain Frames;Components;LL Mountain Frame - Black, 48;136,785;Black;500;48-52 CM;LL Mountain Frame;2023-07-01 00:00:00.000;Current
534;FR-M21B-52;Mountain Frames;Components;LL Mountain Frame - Black, 52;136,785;Black;500;48-52 CM;LL Mountain Frame;2023-07-01 00:00:00.000;Current
535;TI-M267;Tires and Tubes;Accessories;LL Mountain Tire;9,3463;NA;500;NA;LL Mountain Tire;2023-07-01 00:00:00.000;Current
536;TI-M602;Tires and Tubes;Accessories;ML Mountain Tire;11,2163;NA;500;NA;ML Mountain Tire;2023-07-01 00:00:00.000;Current
537;TI-M823;Tires and Tubes;Accessories;HL Mountain Tire;13,09;NA;500;NA;HL Mountain Tire;2023-07-01 00:00:00.000;Current
538;TI-R092;Tires and Tubes;Accessories;LL Road Tire;8,0373;NA;500;NA;LL Road Tire;2023-07-01 00:00:00.000;Current
539;TI-R628;Tires and Tubes;Accessories;ML Road Tire;9,3463;NA;500;NA;ML Road Tire;2023-07-01 00:00:00.000;Current
540;TI-R982;Tires and Tubes;Accessories;HL Road Tire;12,1924;NA;500;NA;HL Road Tire;2023-07-01 00:00:00.000;Current
541;TI-T723;Tires and Tubes;Accessories;Touring Tire;10,8423;NA;500;NA;Touring Tire;2023-07-01 00:00:00.000;Current
542;PD-M282;Pedals;Components;LL Mountain Pedal;17,9776;Silver/Black;500;NA;LL Mountain Pedal;2023-07-01 00:00:00.000;Current
543;PD-M340;Pedals;Components;ML Mountain Pedal;27,568;Silver/Black;500;NA;ML Mountain Pedal;2023-07-01 00:00:00.000;Current
544;PD-M562;Pedals;Components;HL Mountain Pedal;35,9596;Silver/Black;500;NA;HL Mountain Pedal;2023-07-01 00:00:00.000;Current
545;PD-R347;Pedals;Components;LL Road Pedal;17,9776;Silver/Black;500;NA;LL Road Pedal;2023-07-01 00:00:00.000;Current
546;PD-R563;Pedals;Components;ML Road Pedal;27,568;Silver/Black;500;NA;ML Road Pedal;2023-07-01 00:00:00.000;Current
547;PD-R853;Pedals;Components;HL Road Pedal;35,9596;Silver/Black;500;NA;HL Road Pedal;2023-07-01 00:00:00.000;Current
548;PD-T852;Pedals;Components;Touring Pedal;35,9596;Silver/Black;500;NA;Touring Pedal;2023-07-01 00:00:00.000;Current
549;FR-M63S-38;Mountain Frames;Components;ML Mountain Frame-W - Silver, 38;199,3757;Silver;500;38-40 CM;ML Mountain Frame-W;2023-07-01 00:00:00.000;Current
550;FR-M21B-40;Mountain Frames;Components;LL Mountain Frame - Black, 40;136,785;Black;500;38-40 CM;LL Mountain Frame;2023-07-01 00:00:00.000;Current
551;FR-M21S-40;Mountain Frames;Components;LL Mountain Frame - Silver, 40;144,5938;Silver;500;38-40 CM;LL Mountain Frame;2023-07-01 00:00:00.000;Current
552;FD-2342;Derailleurs;Components;Front Derailleur;40,6216;Silver;500;NA;Front Derailleur;2023-07-01 00:00:00.000;Current
553;HB-T721;Handlebars;Components;LL Touring Handlebars;20,464;NA;500;NA;LL Touring Handlebars;2023-07-01 00:00:00.000;Current
554;HB-T928;Handlebars;Components;HL Touring Handlebars;40,6571;NA;500;NA;HL Touring Handlebars;2023-07-01 00:00:00.000;Current
555;FB-9873;Brakes;Components;Front Brakes;47,286;Silver;500;NA;Front Brakes;2023-07-01 00:00:00.000;Current
556;CS-4759;Cranksets;Components;LL Crankset;77,9176;Black;500;NA;LL Crankset;2023-07-01 00:00:00.000;Current
557;CS-6583;Cranksets;Components;ML Crankset;113,8816;Black;500;NA;ML Crankset;2023-07-01 00:00:00.000;Current
558;CS-9183;Cranksets;Components;HL Crankset;179,8156;Black;500;NA;HL Crankset;2023-07-01 00:00:00.000;Current
559;CH-0234;Chains;Components;Chain;8,9866;Silver;500;NA;Chain;2023-07-01 00:00:00.000;Current
560;BK-T44U-60;Touring Bikes;Bikes;Touring-2000 Blue, 60;755,1508;Blue;100;60-62 CM;Touring-2000;2023-07-01 00:00:00.000;Current
561;BK-T79Y-46;Touring Bikes;Bikes;Touring-1000 Yellow, 46;1481,9379;Yellow;100;42-46 CM;Touring-1000;2023-07-01 00:00:00.000;Current
562;BK-T79Y-50;Touring Bikes;Bikes;Touring-1000 Yellow, 50;1481,9379;Yellow;100;48-52 CM;Touring-1000;2023-07-01 00:00:00.000;Current
563;BK-T79Y-54;Touring Bikes;Bikes;Touring-1000 Yellow, 54;1481,9379;Yellow;100;54-58 CM;Touring-1000;2023-07-01 00:00:00.000;Current
564;BK-T79Y-60;Touring Bikes;Bikes;Touring-1000 Yellow, 60;1481,9379;Yellow;100;60-62 CM;Touring-1000;2023-07-01 00:00:00.000;Current
565;BK-T18U-54;Touring Bikes;Bikes;Touring-3000 Blue, 54;461,4448;Blue;100;54-58 CM;Touring-3000;2023-07-01 00:00:00.000;Current
566;BK-T18U-58;Touring Bikes;Bikes;Touring-3000 Blue, 58;461,4448;Blue;100;54-58 CM;Touring-3000;2023-07-01 00:00:00.000;Current
567;BK-T18U-62;Touring Bikes;Bikes;Touring-3000 Blue, 62;461,4448;Blue;100;60-62 CM;Touring-3000;2023-07-01 00:00:00.000;Current
568;BK-T18Y-44;Touring Bikes;Bikes;Touring-3000 Yellow, 44;461,4448;Yellow;100;42-46 CM;Touring-3000;2023-07-01 00:00:00.000;Current
569;BK-T18Y-50;Touring Bikes;Bikes;Touring-3000 Yellow, 50;461,4448;Yellow;100;48-52 CM;Touring-3000;2023-07-01 00:00:00.000;Current
570;BK-T18Y-54;Touring Bikes;Bikes;Touring-3000 Yellow, 54;461,4448;Yellow;100;54-58 CM;Touring-3000;2023-07-01 00:00:00.000;Current
571;BK-T18Y-58;Touring Bikes;Bikes;Touring-3000 Yellow, 58;461,4448;Yellow;100;54-58 CM;Touring-3000;2023-07-01 00:00:00.000;Current
572;BK-T18Y-62;Touring Bikes;Bikes;Touring-3000 Yellow, 62;461,4448;Yellow;100;60-62 CM;Touring-3000;2023-07-01 00:00:00.000;Current
573;BK-T79U-46;Touring Bikes;Bikes;Touring-1000 Blue, 46;1481,9379;Blue;100;42-46 CM;Touring-1000;2023-07-01 00:00:00.000;Current
574;BK-T79U-50;Touring Bikes;Bikes;Touring-1000 Blue, 50;1481,9379;Blue;100;48-52 CM;Touring-1000;2023-07-01 00:00:00.000;Current
575;BK-T79U-54;Touring Bikes;Bikes;Touring-1000 Blue, 54;1481,9379;Blue;100;54-58 CM;Touring-1000;2023-07-01 00:00:00.000;Current
576;BK-T79U-60;Touring Bikes;Bikes;Touring-1000 Blue, 60;1481,9379;Blue;100;60-62 CM;Touring-1000;2023-07-01 00:00:00.000;Current
577;BK-T44U-46;Touring Bikes;Bikes;Touring-2000 Blue, 46;755,1508;Blue;100;42-46 CM;Touring-2000;2023-07-01 00:00:00.000;Current
578;BK-T44U-50;Touring Bikes;Bikes;Touring-2000 Blue, 50;755,1508;Blue;100;48-52 CM;Touring-2000;2023-07-01 00:00:00.000;Current
579;BK-T44U-54;Touring Bikes;Bikes;Touring-2000 Blue, 54;755,1508;Blue;100;54-58 CM;Touring-2000;2023-07-01 00:00:00.000;Current
580;BK-R79Y-40;Road Bikes;Bikes;Road-350-W Yellow, 40;1082,51;Yellow;100;38-40 CM;Road-350-W;2023-07-01 00:00:00.000;Current
581;BK-R79Y-42;Road Bikes;Bikes;Road-350-W Yellow, 42;1082,51;Yellow;100;42-46 CM;Road-350-W;2023-07-01 00:00:00.000;Current
582;BK-R79Y-44;Road Bikes;Bikes;Road-350-W Yellow, 44;1082,51;Yellow;100;42-46 CM;Road-350-W;2023-07-01 00:00:00.000;Current
583;BK-R79Y-48;Road Bikes;Bikes;Road-350-W Yellow, 48;1082,51;Yellow;100;48-52 CM;Road-350-W;2023-07-01 00:00:00.000;Current
584;BK-R19B-58;Road Bikes;Bikes;Road-750 Black, 58;343,6496;Black;100;54-58 CM;Road-750;2023-07-01 00:00:00.000;Current
585;BK-T18U-44;Touring Bikes;Bikes;Touring-3000 Blue, 44;461,4448;Blue;100;42-46 CM;Touring-3000;2023-07-01 00:00:00.000;Current
586;BK-T18U-50;Touring Bikes;Bikes;Touring-3000 Blue, 50;461,4448;Blue;100;48-52 CM;Touring-3000;2023-07-01 00:00:00.000;Current
587;BK-M38S-38;Mountain Bikes;Bikes;Mountain-400-W Silver, 38;419,7784;Silver;100;38-40 CM;Mountain-400-W;2023-07-01 00:00:00.000;Current
588;BK-M38S-40;Mountain Bikes;Bikes;Mountain-400-W Silver, 40;419,7784;Silver;100;38-40 CM;Mountain-400-W;2023-07-01 00:00:00.000;Current
589;BK-M38S-42;Mountain Bikes;Bikes;Mountain-400-W Silver, 42;419,7784;Silver;100;42-46 CM;Mountain-400-W;2023-07-01 00:00:00.000;Current
590;BK-M38S-46;Mountain Bikes;Bikes;Mountain-400-W Silver, 46;419,7784;Silver;100;42-46 CM;Mountain-400-W;2023-07-01 00:00:00.000;Current
591;BK-M18S-40;Mountain Bikes;Bikes;Mountain-500 Silver, 40;308,2179;Silver;100;38-40 CM;Mountain-500;2023-07-01 00:00:00.000;Current
592;BK-M18S-42;Mountain Bikes;Bikes;Mountain-500 Silver, 42;308,2179;Silver;100;42-46 CM;Mountain-500;2023-07-01 00:00:00.000;Current
593;BK-M18S-44;Mountain Bikes;Bikes;Mountain-500 Silver, 44;308,2179;Silver;100;42-46 CM;Mountain-500;2023-07-01 00:00:00.000;Current
594;BK-M18S-48;Mountain Bikes;Bikes;Mountain-500 Silver, 48;308,2179;Silver;100;48-52 CM;Mountain-500;2023-07-01 00:00:00.000;Current
595;BK-M18S-52;Mountain Bikes;Bikes;Mountain-500 Silver, 52;308,2179;Silver;100;48-52 CM;Mountain-500;2023-07-01 00:00:00.000;Current
596;BK-M18B-40;Mountain Bikes;Bikes;Mountain-500 Black, 40;294,5797;Black;100;38-40 CM;Mountain-500;2023-07-01 00:00:00.000;Current
597;BK-M18B-42;Mountain Bikes;Bikes;Mountain-500 Black, 42;294,5797;Black;100;42-46 CM;Mountain-500;2023-07-01 00:00:00.000;Current
598;BK-M18B-44;Mountain Bikes;Bikes;Mountain-500 Black, 44;294,5797;Black;100;42-46 CM;Mountain-500;2023-07-01 00:00:00.000;Current
599;BK-M18B-48;Mountain Bikes;Bikes;Mountain-500 Black, 48;294,5797;Black;100;48-52 CM;Mountain-500;2023-07-01 00:00:00.000;Current
600;BK-M18B-52;Mountain Bikes;Bikes;Mountain-500 Black, 52;294,5797;Black;100;48-52 CM;Mountain-500;2023-07-01 00:00:00.000;Current
601;BB-7421;Bottom Brackets;Components;LL Bottom Bracket;23,9716;NA;500;NA;LL Bottom Bracket;2023-07-01 00:00:00.000;Current
602;BB-8107;Bottom Brackets;Components;ML Bottom Bracket;44,9506;NA;500;NA;ML Bottom Bracket;2023-07-01 00:00:00.000;Current
603;BB-9108;Bottom Brackets;Components;HL Bottom Bracket;53,9416;NA;500;NA;HL Bottom Bracket;2023-07-01 00:00:00.000;Current
604;BK-R19B-44;Road Bikes;Bikes;Road-750 Black, 44;343,6496;Black;100;42-46 CM;Road-750;2023-07-01 00:00:00.000;Current
605;BK-R19B-48;Road Bikes;Bikes;Road-750 Black, 48;343,6496;Black;100;48-52 CM;Road-750;2023-07-01 00:00:00.000;Current
606;BK-R19B-52;Road Bikes;Bikes;Road-750 Black, 52;343,6496;Black;100;48-52 CM;Road-750;2023-07-01 00:00:00.000;Current
